PLAYERID,PLAYER,SALARY,POS,TEAM,OPP,SCHEDULE_ID,PARTNERID,INJURY,MINUTES,PTS,REB,AST,3PM,TO,STL,BLK,P-A,P-R,P-R-A,B-S,R-A,2PA,2PM,3PA,FTA,FTM,FGA,FGM,UD,PP,FPTS,FPTS/$,POWN,TEAM_ID,OPP_TEAM_ID,SLATE,CORE_ID,REFID,RGID,FLOOR,CEIL,OPTO,PERFECT,SMASH,SIM15TH,SIM33RD,SIM50TH,SIM66TH,SIM85TH,SIM90TH,SIM99TH,OWNERSHIP
409154,"Michael Porter Jr.",8900,SF,BKN,NOP,157956,1061724,-,33,25.25,7.49,3.19,4,3.01,1.73,0.33,28.44,32.74,35.93,2.06,10.68,10.38,5.1,10.04,3.73,3.04,20.42,9.1,42.19,42.19,44.36,4.98,15.79%,126,143,WED,75295,1,409154,34.39,54.92,12.94,12.94,16.16,34.36,40.26,44.36,48.72,55.39,57.95,69.23,
1115132,"Nic Claxton",6100,C,BKN,NOP,157956,1061682,-,28,13.79,7.13,3.91,0.05,1.24,0.63,1.63,17.7,20.92,24.83,2.26,11.04,9.42,5.69,0.27,3.85,2.26,9.69,5.74,33.75,33.75,32.74,5.37,17.08%,126,143,WED,71024,3,1115132,25.09,41.09,22.66,22.66,21.7,25.11,29.29,32.74,35.94,41.36,43.57,52.68,
1115590,"Terance Mann",4100,SG,BKN,NOP,157956,879504,-,24,6.4,3.27,3.64,0.77,0.86,0.91,0.48,10.04,9.67,13.31,1.39,6.91,3.31,1.57,2.18,1.16,0.95,5.49,2.34,19.09,19.09,18.68,4.56,3.77%,126,143,WED,74628,4,1115590,12.73,25.09,3.19,3.19,4.75,12.62,16.16,18.68,21.46,25.24,27.01,34.84,
3005094,"Day'Ron Sharpe",4700,C,BKN,NOP,157956,1243725,,20,8.38,7.64,2.57,0.18,1.67,1.19,0.53,10.95,16.02,18.59,1.72,10.21,5.36,3.06,0.74,2.55,1.72,6.1,3.24,24.89,24.89,24.62,5.24,12.49%,126,143,WED,148967,5,3005094,18.33,31.52,10.83,10.83,13.16,18.15,21.88,24.62,27.36,31.58,33.57,42.03,
3005097,"Cam Thomas",5900,SG,BKN,NOP,157956,1232020,,24,16.02,1.99,2.61,1.67,1.75,0.41,0.25,18.63,18.01,20.62,0.66,4.6,8.02,3.5,4.67,4.68,4.03,12.69,5.17,22.55,22.55,23.7,4.02,0.37%,126,143,WED,149404,6,3005097,16.52,31.6,0.85,0.85,2.89,16.39,20.42,23.7,26.73,31.52,33.53,42.36,
4878197,"Noah Clowney",5300,PF,BKN,NOP,157956,1401380,,29.5,13.83,3.98,2.02,2.46,1.94,1.31,1.06,15.85,17.81,19.83,2.37,6,4.18,1.57,7.54,4.16,3.3,11.72,4.03,26.81,26.81,26.84,5.06,13.84%,126,143,WED,244975,12,4878197,19.16,35.44,14.92,14.92,15.81,18.81,23.33,26.84,30.1,35.37,37.38,47.16,
8985497,"Drake Powell",3300,SG/SF,BKN,NOP,157956,1542179,,16,5.02,2.14,0.95,0.76,0.63,0.52,0.24,5.97,7.16,8.11,0.76,3.09,2.31,1.01,2.21,0.97,0.71,4.52,1.77,10.66,10.66,10.71,3.25,0.33%,126,143,WED,503267,16,8985497,6.06,16.06,0.29,0.29,0.21,6.08,8.67,10.71,12.75,16.07,17.6,23.97,
8985498,"Egor Demin",5500,PG,BKN,NOP,157956,1523978,,28,11.47,3.23,3.85,1.93,1.51,0.89,0.24,15.32,14.7,18.55,1.13,7.08,4.54,1.95,5.55,2.27,1.79,10.09,3.88,23,23,23.76,4.32,0.92%,126,143,WED,455367,17,8985498,16.73,31.6,1.91,1.91,4.99,16.61,20.69,23.76,27.08,31.94,33.72,43.43,
8985499,"Danny Wolf",4200,PF/C,BKN,NOP,157956,1415928,,18,7.18,3.78,1.5,0.81,0.72,0.66,0.33,8.68,10.96,12.46,0.99,5.28,3.84,1.74,2.35,1.6,1.26,6.19,2.55,16.22,16.22,16.18,3.85,0.07%,126,143,WED,247158,18,8985499,10.88,22.34,0.55,0.55,1,10.87,13.82,16.18,18.71,22.5,24.02,30.84,
8998170,"Nolan Traore",3200,PG,BKN,NOP,157956,1590550,,19.5,7.42,1.59,2.86,0.96,1.1,0.63,0.26,10.28,9.01,11.87,0.89,4.45,3.68,1.6,2.77,1.6,1.33,6.45,2.56,15.19,15.19,15.41,4.82,9.19%,126,143,WED,622357,20,8998170,9.65,21.65,4.94,4.94,6.49,9.6,12.88,15.41,17.68,21.47,23.49,30.82,
13296,"Nikola Vucevic",8100,C,CHI,UTA,157955,457598,,32,19.11,10.56,4.28,1.87,1.41,0.66,0.85,23.39,29.67,33.95,1.51,14.84,11.51,5.9,5.05,2.12,1.7,16.56,7.77,41.32,41.32,42.78,5.28,21.25%,130,149,WED,12334,22,13296,33.47,52.57,18.7,18.7,20.94,33.41,38.73,42.78,46.83,52.91,55.18,67.08,
408969,"Kevin Huerter",5000,SG/SF,CHI,UTA,157955,944785,,26,11.66,4.22,3.16,1.9,0.98,1.44,0.52,14.82,15.88,19.04,1.96,7.38,5.75,2.53,5.78,1.23,0.91,11.53,4.43,26.36,26.36,26.07,5.21,19.34%,130,149,WED,70259,24,408969,18.96,34.19,21.71,21.71,16.46,18.8,22.81,26.07,29.08,34.34,36.35,46.88,
1115205,"Coby White",5800,SG,CHI,UTA,157955,1138387,,30,20.93,3.64,5.01,2.84,2.98,0.58,0.13,25.94,24.57,29.58,0.71,8.65,8.81,3.98,8.19,5.26,4.46,17,6.82,31.96,31.96,34.39,5.93,41.97%,130,149,WED,86731,26,1115205,25.87,43.91,43.49,43.49,36.51,25.47,30.57,34.39,37.96,43.82,46.36,57.06,
2439190,"Patrick Williams",4000,PF/C,CHI,UTA,157955,1174904,,16,6.03,2.78,1.18,1.08,0.63,0.7,0.17,7.21,8.81,9.99,0.87,3.96,2.77,1.06,2.87,0.95,0.68,5.64,2.14,13.12,13.12,13.24,3.31,0.11%,130,149,WED,91367,27,2439190,8.13,19.33,0.14,0.14,0.32,8.05,10.9,13.24,15.58,19.47,21.03,28.04,
2439210,"Isaac Okoro",4200,SF,CHI,UTA,157955,1193432,,25,8.69,3.34,1.21,1.31,0.53,0.63,0.49,9.9,12.03,13.24,1.12,4.55,3.62,1.7,3.54,1.88,1.35,7.16,3.01,17.34,17.34,17.31,4.12,0.24%,130,149,WED,92179,28,2439210,11.49,24.05,1.41,1.41,2.61,11.29,14.55,17.31,19.57,23.83,25.59,33.11,
2439441,"Tre Jones",5600,PG,CHI,UTA,157955,1132030,,26.5,12.53,3.23,7.28,0.83,1.23,0.66,0.2,19.81,15.76,23.04,0.86,10.51,6.79,3.69,2.41,3.13,2.65,9.2,4.52,28.68,28.68,29.2,5.21,16.48%,130,149,WED,161288,29,2439441,21.79,37.74,14.69,14.69,18,21.77,25.61,29.2,32.27,37.65,39.7,50.46,
2439601,"Jalen Smith",5500,PF/C,CHI,UTA,157955,1133792,,19.5,9.07,7.13,1.32,1.28,0.9,0.38,0.93,10.39,16.2,17.52,1.31,8.45,3.96,1.89,3.78,1.9,1.44,7.74,3.17,22.64,22.64,22.86,4.16,1.53%,130,149,WED,70255,30,2439601,15.95,30.18,1.06,1.06,3.24,16,19.81,22.86,25.65,30.23,32.26,40.89,
3005172,"Ayo Dosunmu",5700,SG/SF,CHI,UTA,157955,1133782,,26.5,13.79,3.37,5.2,1.83,1.39,0.78,0.33,18.99,17.16,22.36,1.11,8.57,6.59,3.29,4.49,2.06,1.71,11.08,5.12,27.57,27.57,28.27,4.96,10.53%,130,149,WED,72047,31,3005172,20.36,36.84,10.65,10.65,14.47,20.42,24.87,28.27,31.67,37.17,39.26,48.43,
3587732,"Dalen Terry",3100,SF/PF,CHI,UTA,157955,1239611,,2.5,0.86,0.36,0.21,0.1,0.15,0.15,0.04,1.07,1.22,1.43,0.19,0.57,0.5,0.2,0.34,0.23,0.15,0.84,0.3,2.03,2.03,1.98,0.64,0.33%,130,149,WED,149208,33,3587732,0.31,4.04,0,0,0,0,1.32,1.98,3.3,5.28,6.27,10.89,
4878238,"Julian Phillips",3100,PF,CHI,UTA,157955,1405696,Q,7,2,1.01,0.13,0.31,0.15,0.34,0.09,2.13,3.01,3.14,0.43,1.14,0.8,0.36,0.93,0.44,0.36,1.73,0.67,4.55,4.55,4.4,1.42,0.04%,130,149,WED,244990,34,4878238,1.45,8.3,0,0,0,1.38,2.93,4.4,5.78,8.25,9.35,14.3,
6412799,"Matas Buzelis",6600,PF,CHI,UTA,157955,1501940,,29,18.56,5.61,1.99,1.93,1.9,0.57,1.45,20.55,24.17,26.16,2.02,7.6,10.16,4.84,5.48,3.94,3.09,15.64,6.77,32.44,32.44,32.68,4.95,12.56%,130,149,WED,368367,35,6412799,24.68,41.96,12.63,12.63,11.62,24.57,29.13,32.68,36.48,42.05,44.33,53.45,
37794,"Jarrett Allen",6400,C,CLE,PHI,157954,956574,,29,12.8,9.82,2.19,0.01,1.92,0.93,0.5,14.99,22.62,24.81,1.43,12.01,7.74,4.92,0.13,3.92,2.95,7.87,4.93,30.24,30.24,30.82,4.82,5.21%,131,128,WED,38286,43,37794,23.28,38.93,3.93,3.93,7.65,23.24,27.54,30.82,34.1,39.16,41.18,49.01,
37875,"Donovan Mitchell",9400,SG,CLE,PHI,157954,879707,,34,27.52,4.79,5.01,3.78,2.57,1.35,0.34,32.53,32.31,37.32,1.69,9.8,11.06,5.13,10.06,7.12,5.92,21.12,8.91,43.28,43.28,45.09,4.8,6.96%,131,128,WED,38278,44,37875,35.15,56.14,8.55,8.55,12.82,35.01,40.81,45.09,49.62,56.43,58.94,70.53,
1115224,"Darius Garland",7500,PG,CLE,PHI,157954,1134262,,33,17.25,2.15,6.85,2.43,3.05,0.9,0.14,24.1,19.4,26.25,1.04,9,7.61,3.59,6.42,3.19,2.78,14.03,6.02,30.18,30.18,32.19,4.29,0.74%,131,128,WED,86449,46,1115224,23.85,41.94,1.62,1.62,4.53,23.76,28.36,32.19,36.02,41.9,44.45,55.44,
1115296,"De'Andre Hunter",4600,SF/PF,CLE,PHI,157954,942857,,23,11.04,3.97,1.69,1.52,1.62,0.45,0.09,12.73,15.01,16.7,0.54,5.66,4.36,1.89,4.2,3.18,2.71,8.56,3.41,18.34,18.34,19.57,4.25,1.60%,131,128,WED,70224,47,1115296,13.16,26.59,2.54,2.54,3.78,13.26,16.81,19.57,22.33,26.85,28.35,36.38,
2439420,"Sam Merrill",5200,SG/SF,CLE,PHI,157954,953106,,27.5,12.03,2.6,2.1,3.39,0.89,0.74,0.17,14.13,14.63,16.73,0.91,4.7,1.19,0.52,8.26,0.89,0.81,9.45,3.91,20.14,20.14,21.5,4.13,1.23%,131,128,WED,72801,50,2439420,14.09,30.09,2.34,2.34,5.21,13.82,18.09,21.5,24.83,30.2,32.25,41.46,
3005190,"Evan Mobley",8600,PF/C,CLE,PHI,157954,1231862,,33.5,16.38,8.28,3.97,1.07,2.03,0.95,1.79,20.35,24.66,28.63,2.74,12.25,8.94,4.93,2.98,4.83,3.32,11.92,6,38.46,38.46,38.08,4.43,1.18%,131,128,WED,149666,51,3005190,29.45,47.11,2.26,2.26,4.55,29.37,34.1,38.08,41.81,47.54,49.78,60.23,
4934240,"Craig Porter",4300,PG,CLE,PHI,157954,1236197,,18.5,4.76,3.9,2.68,0.46,0.91,0.64,0.5,7.44,8.66,11.34,1.14,6.58,2.98,1.4,1.16,0.84,0.58,4.14,1.86,15.97,15.97,15.71,3.65,0.39%,131,128,WED,180209,54,4934240,10.44,21.69,0.21,0.21,0.55,10.39,13.43,15.71,17.99,21.79,23.31,29.65,
6412819,"Jaylon Tyson",5000,SG/SF,CLE,PHI,157954,1342747,,24,10.56,3.79,1.97,1.54,1.39,0.6,0.32,12.53,14.35,16.32,0.92,5.76,4.48,2,4.48,2.48,1.94,8.96,3.54,19.43,19.43,20.17,4.03,0.69%,131,128,WED,180082,55,6412819,13.9,27.63,1.36,1.36,2.61,13.96,17.58,20.17,23.27,27.93,30,37.76,
7796671,"Nae'Qwan Tomlin",3600,PF,CLE,PHI,157954,1403628,,17,5.22,2.98,1.14,0.43,0.35,0.61,0.75,6.36,8.2,9.34,1.36,4.12,3.14,1.47,1.69,1.4,1,4.83,1.9,14.24,14.24,13.42,3.73,0.41%,131,128,WED,245036,56,7796671,8.51,18.91,0.47,0.47,0.59,8.45,11.18,13.42,15.41,18.89,20.13,26.34,
8998236,"Tyrese Proctor",3000,PG,CLE,PHI,157954,1403594,,0.5,0.15,0.07,0.03,0.02,0.02,0.01,0.01,0.18,0.22,0.25,0.02,0.1,0.07,0.03,0.06,0.03,0.02,0.13,0.05,0.32,0.32,0.32,0.11,0.29%,131,128,WED,245535,58,8998236,0.05,0.64,0,0,0,0.14,0.23,0.32,0.41,0.55,0.58,0.61,
13315,"Klay Thompson",4500,SF/PF,DAL,DEN,157957,457611,,24,13.01,2.73,1.47,2.9,0.8,0.47,0.41,14.48,15.74,17.21,0.88,4.2,4.19,1.71,7.51,1.04,0.89,11.7,4.61,20.33,20.33,21.44,4.76,6.92%,140,145,WED,12329,62,13315,14.26,29.81,9.99,9.99,10.94,14.29,18.38,21.44,24.76,30.12,31.9,41.61,
18566,"Dwight Powell",3400,C,DAL,DEN,157957,552309,,12,2.96,3.83,0.82,0.02,0.38,0.4,0.33,3.78,6.79,7.61,0.73,4.65,1.36,0.91,0.07,1.7,1.09,1.43,0.93,10.6,10.6,10.26,3.02,0.41%,140,145,WED,12550,65,18566,6.36,14.8,0.01,0.01,0.02,6.26,8.26,10.26,11.76,14.76,15.77,20.77,
18947,"D'Angelo Russell",3200,PG/SG,DAL,DEN,157957,844038,,1,0.46,0.1,0.22,0.08,0.06,0.02,0.01,0.68,0.56,0.78,0.03,0.32,0.19,0.08,0.23,0.09,0.07,0.42,0.16,0.94,0.94,0.99,0.31,0.04%,140,145,WED,12060,67,18947,0.33,1.98,0,0,0,0.42,0.71,0.99,1.27,1.7,1.8,1.89,
1115204,"Daniel Gafford",5000,C,DAL,DEN,157957,1061647,,24,10.82,7.36,0.64,0,1.26,0.84,1.25,11.46,18.18,18.82,2.09,8,6.21,4.26,0,3.22,2.31,6.21,4.26,25.62,25.62,24.71,4.94,6.24%,140,145,WED,71699,68,1115204,18.36,32.04,6.01,6.01,9.94,18.22,21.96,24.71,27.46,32.2,34.19,42.18,
1115314,"PJ Washington",6300,SF/PF,DAL,DEN,157957,1067857,Q,31.5,15.71,6.67,2.32,1.59,1.69,0.95,0.98,18.03,22.38,24.7,1.93,8.99,8.83,4.13,4.78,3.81,2.68,13.61,5.72,31.29,31.29,31.52,5,8.90%,140,145,WED,69997,69,1115314,23.64,40.17,16.42,16.42,11.36,23.58,28.05,31.52,34.75,40.21,42.19,51.87,
1203483,"Caleb Martin",3300,PF,DAL,DEN,157957,842969,,5,1.07,0.62,0.29,0.12,0.13,0.12,0.11,1.36,1.69,1.98,0.23,0.91,0.63,0.27,0.4,0.27,0.19,1.03,0.39,2.81,2.81,2.74,0.83,0.04%,140,145,WED,73187,70,1203483,0.43,5.59,0,0,0,0,1.64,2.74,3.84,5.75,6.58,10.69,
2484012,"Naji Marshall",6200,SG/SF,DAL,DEN,157957,1060704,,32,16.7,4.9,3.05,1.35,1.68,0.89,0.25,19.75,21.6,24.65,1.14,7.95,9.09,4.79,4.37,3.88,3.07,13.46,6.14,28.9,28.9,29.55,4.77,8.84%,140,145,WED,70165,71,2484012,21.93,37.97,9.56,9.56,10.74,21.72,26.27,29.55,32.83,38.14,40.41,48.49,
3267960,"Brandon Williams",4800,PG/SG,DAL,DEN,157957,1134688,Q,22.5,11.72,2.59,3.82,0.73,1.41,0.65,0.33,15.54,14.31,18.13,0.98,6.41,6.64,3.14,2.82,4.03,3.24,9.46,3.87,22.09,22.09,22.31,4.65,5.94%,140,145,WED,87233,72,3267960,15.92,29.39,4.03,4.03,6.51,15.97,19.52,22.31,25.1,29.66,31.44,39.3,
3587932,"Jaden Hardy",3700,PG/SG,DAL,DEN,157957,1357748,,19.5,9.31,2.56,1.33,1.56,0.84,0.29,0.21,10.64,11.87,13.2,0.5,3.89,4.1,1.72,4.07,1.51,1.18,8.17,3.28,15.04,15.04,15.87,4.29,4.41%,140,145,WED,194859,73,3587932,9.97,22.4,1.89,1.89,3.67,9.73,13.31,15.87,18.43,22.53,24.06,32.51,
8985575,"Cooper Flagg",8300,PG/SF,DAL,DEN,157957,1519128,,35,20.09,7.53,5.3,1.26,2.49,0.99,0.67,25.39,27.62,32.92,1.66,12.83,14.03,6.36,3.65,4.58,3.6,17.68,7.62,39.57,39.57,40.56,4.89,16.32%,140,145,WED,458047,76,8985575,31.58,50.52,12.98,12.98,12.4,31.49,36.78,40.56,44.34,50.64,53.16,63.23,
9095566,"Miles Kelly",3100,SG,DAL,DEN,157957,1324019,,3.5,1.3,0.61,0.34,0.21,0.18,0.1,0.03,1.64,1.91,2.25,0.13,0.95,0.64,0.28,0.61,0.13,0.11,1.25,0.49,2.75,2.75,2.85,0.92,0.40%,140,145,WED,179596,77,9095566,0.94,5.76,0,0,0,0,1.71,2.85,3.99,6.27,7.13,11.69,
9147605,"Ryan Nembhard",4600,PG,DAL,DEN,157957,1323621,,22,7.5,1.98,5.61,0.81,1.27,0.5,0.07,13.11,9.48,15.09,0.57,7.59,4.44,1.9,2.33,1.61,1.27,6.77,2.71,18.73,18.73,19.33,4.2,0.41%,140,145,WED,179441,78,9147605,13.45,26.04,1.25,1.25,2.66,13.31,16.57,19.33,21.84,26.11,27.87,36.65,
10613000,"Moussa Cisse",3800,C,DAL,DEN,157957,1231606,,8,1.66,3.08,0.21,0,0.27,0.18,0.46,1.87,4.74,4.95,0.64,3.29,0.96,0.57,0,1.25,0.53,0.96,0.57,7.32,7.32,6.97,1.83,0.04%,140,145,WED,148674,81,10613000,3.88,10.75,0,0,0,3.87,5.68,6.97,8.52,11.1,11.87,16.52,
16879,"Tim Hardaway Jr.",4600,SF/PF,DEN,DAL,157957,551771,,30,14.69,2.54,1.45,2.95,0.44,0.33,0.16,16.14,17.23,18.68,0.49,3.99,4.23,1.81,7.84,2.58,2.23,12.07,4.76,20.94,20.94,22.28,4.84,10.13%,145,140,WED,12479,83,16879,15.18,30.04,10.83,10.83,10.73,14.94,18.99,22.28,25.32,30.38,32.15,42.03,
18601,"Aaron Gordon",6600,PF,DEN,DAL,157957,748788,,30,19.22,7.54,2.71,2.13,2.19,0.6,0.22,21.93,26.76,29.47,0.82,10.25,7.82,4.08,5.4,5.98,4.68,13.22,6.21,32.6,32.6,34.65,5.25,27.82%,145,140,WED,12545,84,18601,26.11,43.75,22.16,22.16,17.19,26.11,30.88,34.65,38.42,43.69,45.95,56.49,
35211,"Jamal Murray",10000,PG,DEN,DAL,157957,891352,Q,36,26.85,5.19,8.52,3.26,2.14,0.86,0.48,35.37,32.04,40.56,1.34,13.71,13.49,6.3,7.77,5.1,4.48,21.26,9.56,47.74,47.74,49.94,4.99,15.80%,145,140,WED,28062,86,35211,39.61,61.69,17.9,17.9,18.11,39.45,45.45,49.94,54.68,61.93,64.92,76.66,
408913,"Bruce Brown",4200,PG/SG,DEN,DAL,157957,941834,Q,24,6.92,5.03,2.84,0.49,0.97,1.16,0.23,9.76,11.95,14.79,1.39,7.87,4.67,2.1,1.52,1.56,1.26,6.19,2.59,20.42,20.42,20.02,4.77,9.46%,145,140,WED,75331,87,408913,14.26,26.72,8.52,8.52,6.4,14.23,17.37,20.02,22.67,26.77,28.22,35.7,
2439457,"Zeke Nnaji",4700,C,DEN,DAL,157957,1193676,,22,7.36,5.16,0.86,0.57,0.62,0.54,0.77,8.22,12.52,13.38,1.31,6.02,3.88,1.9,1.85,2.59,1.87,5.73,2.47,18.15,18.15,17.71,3.77,0.08%,145,140,WED,92620,89,2439457,12.14,23.98,0.2,0.2,0.79,12.14,15.18,17.71,19.99,24.29,25.81,32.89,
3588036,"Peyton Watson",7700,SF/PF,DEN,DAL,157957,1326502,,35,19.27,5.77,2.7,1.9,2.45,1.39,1.12,21.97,25.04,27.74,2.51,8.47,10.01,4.95,5.14,5.2,3.67,15.15,6.85,35.32,35.32,35.38,4.59,3.97%,145,140,WED,180124,90,3588036,27.2,44.48,5.89,5.89,6.44,26.91,31.64,35.38,38.87,44.6,46.59,57.31,
4878294,"Jalen Pickett",5300,PG/SG,DEN,DAL,157957,1136567,,28,10.73,5.46,5.01,2.22,1.57,0.61,0.48,15.74,16.19,21.2,1.09,10.47,4.1,1.86,5.37,0.41,0.34,9.47,4.08,26.5,26.5,27.63,5.21,17.53%,145,140,WED,87084,92,4878294,19.96,36.4,16.34,16.34,18.5,19.7,24.05,27.63,30.7,36.33,38.63,49.63,
4878295,"Julian Strawther",3100,SG/SF,DEN,DAL,157957,1241584,,2,0.73,0.23,0.18,0.09,0.07,0.02,0.01,0.91,0.96,1.14,0.03,0.41,0.44,0.17,0.31,0.16,0.13,0.75,0.26,1.3,1.3,1.36,0.44,0.27%,145,140,WED,149531,93,4878295,0.25,2.69,0,0,0,0,0,1.36,2.04,4.42,4.76,9.18,
4878296,"Hunter Tyson",4200,SF,DEN,DAL,157957,1132015,,6,1.73,1.48,0.41,0.3,0.05,0.07,0.06,2.14,3.21,3.62,0.13,1.89,0.67,0.25,1.01,0.41,0.34,1.68,0.55,4.46,4.46,4.58,1.09,0.04%,145,140,WED,89546,94,4878296,1.62,8.37,0,0,0,1.35,2.96,4.58,5.93,8.35,9.43,13.74,
6412857,"DaRon Holmes",4000,C,DEN,DAL,157957,1334228,,1,0.25,0.23,0.1,0.02,0.02,0.03,0.03,0.35,0.48,0.58,0.06,0.33,0.15,0.07,0.06,0.06,0.05,0.21,0.09,0.84,0.84,0.81,0.2,0.15%,145,140,WED,179465,95,6412857,0.21,1.62,0,0,0,0.35,0.58,0.81,1.04,1.39,1.48,1.54,
6863241,"Spencer Jones",4800,SF/PF,DEN,DAL,157957,1176586,,26,5.74,3.72,1.53,0.87,0.59,1.55,0.73,7.27,9.46,10.99,2.28,5.25,2.63,1.15,2.53,1.12,0.82,5.16,2.02,18.75,18.75,17.39,3.62,0.35%,145,140,WED,89746,96,6863241,11.63,23.61,0.31,0.31,0.58,11.59,14.87,17.39,19.91,23.94,25.2,32.76,
18956,"T.J. McConnell",4900,PG,IND,TOR,157953,551787,,18,10.5,2.31,4.11,0.51,1.92,0.74,0.3,14.61,12.81,16.92,1.04,6.42,7.58,4.04,1.33,1.09,0.87,8.91,4.55,20.64,20.64,20.94,4.27,0.72%,133,129,WED,22393,102,18956,14.42,27.92,1.5,1.5,3.7,14.38,17.91,20.94,23.72,28,29.52,38.85,
35186,"Pascal Siakam",8700,PF,IND,TOR,157953,853408,,34,24.8,6.95,3.01,1.7,2.37,1.02,0.35,27.81,31.75,34.76,1.37,9.96,14.33,7.33,4.39,7.06,5.04,18.72,9.03,39.4,39.4,40.65,4.67,4.62%,133,129,WED,27998,103,35186,31.77,50.52,4.57,4.57,8.52,31.76,36.84,40.65,44.72,50.6,53.35,63.77,
37873,"Tony Bradley",3000,C,IND,TOR,157953,950065,,5,1.37,1.48,0.17,0.01,0.24,0.04,0.14,1.54,2.85,3.02,0.18,1.65,0.91,0.51,0.06,0.48,0.33,0.97,0.52,3.7,3.7,3.72,1.24,0.29%,133,129,WED,38294,104,37873,1.37,6.69,0,0,0,1.33,2.66,3.72,4.78,6.64,7.44,10.89,
2439096,"Aaron Nesmith",6200,SF,IND,TOR,157953,1134264,,32,14.8,5.26,2.14,2.58,1.83,0.68,0.65,16.94,20.06,22.2,1.33,7.4,5.28,2.34,6.12,2.84,2.38,11.4,4.92,26.48,26.48,27.67,4.46,3.40%,133,129,WED,87350,105,2439096,19.95,36.12,4.17,4.17,7.17,19.87,24.15,27.67,30.94,36.22,38.49,48.8,
3028281,"Jay Huff",4700,PF/C,IND,TOR,157953,942843,,23.5,10,4.44,1.61,1.9,0.92,0.7,1.52,11.61,14.44,16.05,2.22,6.05,2.83,1.41,5.4,1.8,1.47,8.23,3.31,23.48,23.48,22.9,4.87,7.76%,133,129,WED,70219,108,3028281,16.12,30.54,9.18,9.18,10.34,15.85,19.88,22.9,25.92,30.45,32.46,41.78,
3587792,"Andrew Nembhard",7200,PG,IND,TOR,157953,1134158,,33,17.23,3.06,6.77,1.8,2.36,1.36,0.19,24,20.29,27.06,1.55,9.83,9.39,4.38,4.91,3.82,3.07,14.3,6.18,33.35,33.35,34.21,4.75,4.77%,133,129,WED,87352,109,3587792,25.54,43.68,6.62,6.62,9.68,25.34,30.16,34.21,37.76,43.59,46.37,57.27,
3889317,"Quenton Jackson",3400,PG,IND,TOR,157953,1195699,,14,6.43,1.48,1.28,0.58,1.09,0.36,0.14,7.71,7.91,9.19,0.5,2.76,3.06,1.39,1.59,2.47,1.89,4.65,1.97,10.54,10.54,10.95,3.22,0.22%,133,129,WED,245343,111,3889317,6.34,16.51,0.18,0.18,0.21,6.26,8.86,10.95,13.04,16.69,17.99,24.25,
4878371,"Jarace Walker",4000,SF/PF,IND,TOR,157953,1402709,,21,8.03,4.26,1.33,1.31,1.37,0.93,0.4,9.36,12.29,13.62,1.33,5.59,3.38,1.44,3.46,1.62,1.22,6.84,2.75,17.76,17.76,17.99,4.5,3.75%,133,129,WED,245149,112,4878371,11.87,24.52,3.99,3.99,4.83,11.91,15.2,17.99,20.52,24.58,26.6,34.46,
4878372,"Ben Sheppard",3200,SG,IND,TOR,157953,1175324,,22,6.04,3.09,1.35,1.15,0.59,0.76,0.2,7.39,9.13,10.48,0.96,4.44,2.31,0.99,3.48,0.73,0.62,5.79,2.14,14.06,14.06,14.13,4.42,2.51%,133,129,WED,90773,113,4878372,8.77,20.22,2.3,2.3,3.5,8.58,11.61,14.13,16.4,20.19,21.7,28.51,
6412936,"Johnny Furphy",3600,SF,IND,TOR,157953,1475759,,22,5.86,4.89,0.86,0.84,0.97,0.52,0.25,6.72,10.75,11.61,0.77,5.75,2.42,1.18,2.56,1.42,0.96,4.98,2.02,14.36,14.36,14.74,4.09,1.61%,133,129,WED,290766,114,6412936,9.66,20.65,1.52,1.52,1.62,9.49,12.49,14.74,16.74,20.49,22.23,29.73,
8998346,"Kam Jones",3000,PG/SG,IND,TOR,157953,1324173,,0.5,0.14,0.06,0.07,0.02,0.03,0.01,0,0.21,0.2,0.27,0.01,0.13,0.08,0.03,0.06,0.03,0.02,0.14,0.05,0.32,0.32,0.34,0.11,0.40%,133,129,WED,179722,115,8998346,0.11,0.68,0,0,0,0.15,0.24,0.34,0.44,0.58,0.62,0.65,
3077071,"Ethan Thompson",3000,SG,IND,TOR,157953,1061538,,0.5,0.12,0.05,0.04,0.03,0.02,0.01,0,0.16,0.17,0.21,0.01,0.09,0.04,0.01,0.1,0.02,0.01,0.14,0.04,0.25,0.25,0.27,0.09,0.15%,133,129,WED,73123,117,3077071,0.04,0.54,0,0,0,0.12,0.19,0.27,0.35,0.46,0.49,0.51,
3080545,"Micah Potter",3500,PF/C,IND,TOR,157953,945061,,14.5,3.75,3.18,1.31,0.74,0.51,0.17,0.2,5.06,6.93,8.24,0.37,4.49,0.93,0.43,1.94,0.74,0.66,2.87,1.17,10.13,10.13,10.55,3.01,0.41%,133,129,WED,70478,118,3080545,6.25,15.72,0.09,0.09,0.06,6.18,8.75,10.55,12.35,15.7,17.24,24.45,
1037,"James Harden",9500,PG,LAC,WAS,157959,395388,,35,26.23,4.31,7.4,3.47,3.08,1.27,0.32,33.63,30.54,37.94,1.59,11.71,8.49,3.51,9.7,9.99,8.79,18.19,6.98,44.19,44.19,46.46,4.89,8.49%,151,139,WED,12228,119,1037,36.04,57.91,9.24,9.24,15.63,35.99,42.12,46.46,50.8,57.95,60.76,73.01,
1315,"Nicolas Batum",3600,PF,LAC,WAS,157959,456451,,21.5,6.02,2.25,1.01,1.68,0.5,0.63,0.39,7.03,8.27,9.28,1.02,3.26,0.8,0.35,4.13,0.35,0.29,4.93,2.03,12.8,12.8,12.98,3.61,0.19%,151,139,WED,12208,121,1315,7.36,19.76,0.65,0.65,1.46,7.15,10.33,12.98,15.36,19.87,21.72,30.2,
1498,"Brook Lopez",3700,C,LAC,WAS,157959,330047,,27,11.06,3.72,1.48,2.56,1.01,0.75,1.44,12.54,14.78,16.26,2.19,5.2,2.39,0.99,7.09,1.68,1.4,9.48,3.55,23.3,23.3,23.09,6.24,0.48%,151,139,WED,12193,122,1498,13.46,34.26,0.34,0.34,35.35,13.51,18.73,23.09,27.45,34.42,37.47,49.67,
13310,"Kawhi Leonard",9200,SF,LAC,WAS,157959,512591,Q,29,24.86,5.63,2.88,2.33,1.62,1.92,0.72,27.74,30.49,33.37,2.64,8.51,12.81,6.58,5.81,5.27,4.71,18.62,8.91,42.24,42.24,41.92,4.56,3.83%,151,139,WED,12333,123,13310,32.61,51.7,3.09,3.09,7.01,32.52,37.6,41.92,45.73,51.83,54.37,65.55,
35215,"Kris Dunn",4600,PG/SG,LAC,WAS,157959,698968,,28.5,10.34,3.49,3.28,1.66,1.39,1.41,0.26,13.62,13.83,17.11,1.67,6.77,5.21,2.37,4.75,0.85,0.62,9.96,4.03,23.07,23.07,23.1,5.02,10.02%,151,139,WED,28005,125,35215,16.21,31.06,9.54,9.54,12.9,16.09,19.99,23.1,26.21,31.15,33.22,42.31,
37823,"John Collins",6100,PF/C,LAC,WAS,157959,880468,,30,14.55,6.82,1,1.24,1.42,1.24,0.97,15.55,21.37,22.37,2.21,7.82,7.13,4.14,3.13,3.12,2.56,10.26,5.38,29.44,29.44,28.97,4.75,0.87%,151,139,WED,38281,128,37823,21.33,38.06,1.93,1.93,11.53,20.97,25.38,28.97,32.56,37.8,40.01,50.21,
4878391,"Jordan Miller",3900,SG/SF,LAC,WAS,157959,1134092,,24,8.61,3.5,2.24,0.75,0.78,0.92,0.32,10.85,12.11,14.35,1.24,5.74,4.55,2.18,2.25,2.49,2.01,6.8,2.93,19.11,19.11,18.81,4.82,3.74%,151,139,WED,89573,131,4878391,12.79,25.75,3.36,3.36,7.81,12.72,16.32,18.81,21.58,25.73,27.94,35.68,
4878392,"Kobe Brown",3000,PF,LAC,WAS,157959,1176611,,4,1.09,0.68,0.35,0.14,0.25,0.1,0.01,1.44,1.77,2.12,0.11,1.03,0.65,0.26,0.54,0.18,0.15,1.19,0.4,2.51,2.51,2.63,0.88,0.13%,151,139,WED,90588,132,4878392,0.97,5.37,0,0,0,0,1.64,2.63,3.95,5.92,6.9,12.16,
6412955,"Cam Christie",3000,SG,LAC,WAS,157959,1460155,,1,0.32,0.14,0.05,0.05,0.04,0.03,0.01,0.37,0.46,0.51,0.04,0.19,0.14,0.06,0.15,0.06,0.05,0.29,0.11,0.64,0.64,0.66,0.22,0.04%,151,139,WED,289019,133,6412955,0.1,1.32,0,0,0,0.28,0.47,0.66,0.85,1.13,1.2,1.26,
8985681,"Yanic Konan Niederhauser",3000,C,LAC,WAS,157959,1405278,,20,8.32,5.58,0.91,0.04,0.99,0.41,0.58,9.23,13.9,14.81,0.99,6.49,5.86,3.3,0.13,2.45,1.61,5.99,3.34,18.36,18.36,18.17,6.06,0.31%,151,139,WED,245826,135,8985681,6.84,27.98,0,0,30.7,0,11.36,18.17,29.53,40.88,47.7,74.95,
8998366,"Kobe Sanders",3500,SG/SF,LAC,WAS,157959,1231938,,20,6.54,2.6,1.85,0.72,1.03,0.51,0.12,8.39,9.14,10.99,0.63,4.45,3.54,1.58,2.09,1.55,1.23,5.63,2.3,13.3,13.3,13.67,3.91,0.48%,151,139,WED,149027,136,8998366,8.51,19.79,0.89,0.89,1.44,8.58,11.53,13.67,16.08,19.83,21.44,28.95,
1115444,"Zion Williamson",8400,PF,NOP,BKN,157956,1132025,,31.5,23.17,5.93,3.64,0.05,2.77,1.57,0.68,26.81,29.1,32.74,2.25,9.57,14.42,8.42,0.26,8.8,6.18,14.68,8.47,39.73,39.73,39.31,4.68,3.14%,143,126,WED,70598,142,1115444,31.05,48.09,4.03,4.03,6.82,30.8,35.55,39.31,42.56,48.07,50.33,59.34,
1115568,"Jordan Poole",5900,PG/SG,NOP,BKN,157956,1067671,,23,12.18,1.34,2.72,2.05,2.31,0.76,0.44,14.9,13.52,16.24,1.2,4.06,4.58,1.86,5.81,2.56,2.29,10.39,3.91,19.16,19.16,20.21,3.43,0.29%,143,126,WED,74092,143,1115568,13.23,28.23,0.2,0.2,0.88,13.3,17.14,20.21,23.54,28.65,30.7,39.91,
2439113,"Saddiq Bey",5800,SF/PF,NOP,BKN,157956,1138653,,30,14.3,5,2.81,1.63,0.72,1.11,0.02,17.11,19.3,22.11,1.13,7.81,7.09,2.97,5.36,4.22,3.48,12.45,4.6,27.19,27.19,27.52,4.74,14.76%,143,126,WED,90421,144,2439113,20.1,35.79,7.3,7.3,10.17,19.88,24.21,27.52,30.83,35.93,37.71,47.65,
3005416,"Trey Murphy",8000,SG,NOP,BKN,157956,1134570,,35.5,19.84,5.75,3.56,2.88,2.08,1.57,0.29,23.4,25.59,29.15,1.86,9.31,7.63,3.71,7.64,4.27,3.76,15.27,6.59,35.58,35.58,36.6,4.58,2.48%,143,126,WED,90375,145,3005416,27.84,46.52,3.48,3.48,7.57,27.64,32.76,36.6,40.44,46.84,49.4,61.17,
3587852,"Bryce McGowens",4200,SG/SF,NOP,BKN,157956,1324323,,6,1.68,0.5,0.43,0.17,0.21,0.24,0.02,2.11,2.18,2.61,0.26,0.93,0.78,0.35,0.46,0.63,0.48,1.24,0.52,3.5,3.5,3.45,0.82,0.27%,143,126,WED,179808,148,3587852,0.97,6.56,0,0,0,1.15,2.3,3.45,4.89,6.9,8.05,12.08,
3587996,"Karlo Matkovic",3600,PF/C,NOP,BKN,157956,1349638,,12.5,4.46,2.52,0.86,0.51,0.64,0.4,0.28,5.32,6.98,7.84,0.68,3.38,2.4,1.09,1.48,0.97,0.76,3.88,1.6,10.17,10.17,10.2,2.83,0.04%,143,126,WED,195273,149,3587996,5.84,15.1,0.02,0.02,0.02,5.75,8.37,10.2,12.29,15.43,16.74,22.75,
4878506,"Jordan Hawkins",3300,PG/SG,NOP,BKN,157956,1327798,,15,4.21,1.81,0.56,0.84,0.72,0.27,0.64,4.77,6.02,6.58,0.91,2.37,1.66,0.57,2.51,0.69,0.55,4.17,1.41,9.23,9.23,9.19,2.78,0.16%,143,126,WED,179431,150,4878506,4.67,14.37,0,0,0.06,4.6,7.15,9.19,11.23,14.55,15.83,22.72,
6413079,"Yves Missi",3500,C,NOP,BKN,157956,1458495,,18,4.5,6.18,1.47,0,0.69,0.46,1.11,5.97,10.68,12.15,1.57,7.65,3.25,1.78,0,1.55,0.95,3.25,1.78,18.14,18.14,17.23,4.92,7.26%,143,126,WED,281799,151,6413079,12.32,22.92,4.86,4.86,4.9,12.38,15.05,17.23,19.41,23.05,24.51,31.55,
8985792,"Jeremiah Fears",5700,PG,NOP,BKN,157956,1547691,,27,11.44,3.36,3.52,1.13,2.08,0.94,0.36,14.96,14.8,18.32,1.3,6.88,6.92,3.01,3.26,2.45,2.04,10.18,4.14,22.57,22.57,23.05,4.04,0.68%,143,126,WED,505204,153,8985792,16.45,30.66,0.69,0.69,2.48,16.21,20.01,23.05,25.84,30.65,32.42,41.54,
8985793,"Derik Queen",6900,PF/C,NOP,BKN,157956,1520787,,28.5,12.85,7.48,3.93,0.29,1.98,1.03,1.16,16.78,20.33,24.26,2.19,11.41,10.18,4.84,0.82,2.98,2.28,11,5.13,32.31,32.31,31.89,4.62,3.07%,143,126,WED,455397,154,8985793,24.14,40.2,4.91,4.91,5.82,23.98,28.43,31.89,34.86,40.08,42.03,51.42,
8998484,"Micah Peavy",3700,SF,NOP,BKN,157956,1241591,,13,3.52,1.71,1.01,0.33,0.55,0.53,0.19,4.53,5.23,6.24,0.72,2.72,2.48,1.08,0.96,0.58,0.37,3.44,1.41,8.7,8.7,8.5,2.3,0.04%,143,126,WED,149615,155,8998484,4.51,13.27,0,0,0,4.38,6.7,8.5,10.3,13.39,14.42,20.61,
18631,"Jordan Clarkson",3500,SG/SF,NYK,SAC,157958,551975,,15,7.13,1.34,1.21,0.93,0.81,0.28,0.04,8.34,8.47,9.68,0.32,2.55,3.45,1.47,2.74,1.7,1.41,6.19,2.4,10.7,10.7,11.32,3.23,0.06%,127,154,WED,12525,159,18631,6.47,16.95,0.24,0.24,0.25,6.54,9.22,11.32,13.58,17.11,18.62,25.16,
18937,"Karl-Anthony Towns",8700,C,NYK,SAC,157958,837030,,31.5,21.43,10.38,2.78,1.81,2.69,0.72,0.44,24.21,31.81,34.59,1.16,13.16,10.63,5.28,4.7,6.44,5.46,15.33,7.09,38.85,38.85,41.36,4.75,3.02%,127,154,WED,12061,160,18937,32.38,51.11,5.45,5.45,9.74,32.14,37.37,41.36,45.35,51.33,53.57,63.79,
37807,"OG Anunoby",6600,PF,NYK,SAC,157958,900535,,34,15.04,5.04,1.84,2.07,1.74,1.72,0.7,16.88,20.08,21.92,2.42,6.88,6.78,3.15,5.66,3.13,2.53,12.44,5.22,29.37,29.37,29.16,4.42,1.34%,127,154,WED,38284,163,37807,21.34,37.22,2.93,2.93,4.07,21.01,25.7,29.16,32.13,37.07,39.54,49.42,
37889,"Josh Hart",7100,SG/SF,NYK,SAC,157958,741892,,30,11.34,7.62,4.79,1.15,1.85,1.5,0.31,16.13,18.96,23.75,1.81,12.41,5.93,2.94,3.33,2.57,2.03,9.26,4.09,31.25,31.25,31.56,4.45,1.41%,127,154,WED,38302,164,37889,23.83,40.3,3.43,3.43,4.52,23.99,28.28,31.56,35.09,40.4,42.92,51.51,
408821,"Mitchell Robinson",4100,C,NYK,SAC,157958,1076265,,20.5,4.7,9.22,1.25,0,0.57,0.75,1.16,5.95,13.92,15.17,1.91,10.47,2.91,1.78,0,2.66,1.14,2.91,1.78,22.8,22.8,21.68,5.29,9.89%,127,154,WED,75317,165,408821,16.25,27.87,8.94,8.94,10.39,16.2,19.19,21.68,24.17,27.91,29.65,38.13,
408842,"Mikal Bridges",6900,SF,NYK,SAC,157958,846400,,34,14.3,4.35,4.22,2.04,1.06,1.11,0.73,18.52,18.65,22.87,1.84,8.57,7.22,3.37,5.49,1.83,1.44,12.71,5.41,30.31,30.31,30.27,4.39,1.58%,127,154,WED,75324,167,408842,22.27,38.74,3.3,3.3,4.2,22.33,26.55,30.27,33.74,38.95,40.94,51.11,
409062,"Jalen Brunson",9000,PG,NYK,SAC,157958,887914,,35,28.82,3.21,6.29,2.72,2.33,0.44,0.25,35.11,32.03,38.32,0.69,9.5,14.26,6.85,7.1,8.26,6.97,21.36,9.57,41.85,41.85,43.99,4.89,9.57%,127,154,WED,75309,168,409062,34.43,54.15,10.64,10.64,13.21,34.24,39.49,43.99,47.74,53.99,56.74,67.98,
3005114,"Miles McBride",4700,PG/SG,NYK,SAC,157958,1175084,,26.5,12.57,2.14,2.23,2.58,0.84,0.74,0.29,14.8,14.71,16.94,1.03,4.37,4.16,1.84,6.33,1.36,1.15,10.49,4.42,20.73,20.73,21.52,4.58,2.25%,127,154,WED,89309,169,3005114,14.44,29.79,5.38,5.38,8.61,14.18,18.23,21.52,24.56,29.87,31.67,41.27,
6413098,"Ariel Hukporti",3000,C,NYK,SAC,157958,1350535,Q,1,0.2,0.25,0.04,0,0.03,0.02,0.02,0.24,0.45,0.49,0.04,0.29,0.13,0.08,0,0.09,0.05,0.13,0.08,0.65,0.65,0.64,0.21,0.36%,127,154,WED,449008,171,6413098,0.09,1.28,0,0,0,0.27,0.46,0.64,0.82,1.1,1.17,1.22,
6413099,"Kevin McCullar",3000,SF/PF,NYK,SAC,157958,1156809,,1,0.37,0.14,0.05,0.06,0.04,0.02,0.01,0.42,0.51,0.56,0.03,0.19,0.17,0.07,0.17,0.07,0.05,0.34,0.13,0.66,0.66,0.69,0.23,0.36%,127,154,WED,90618,172,6413099,0.11,1.38,0,0,0,0.3,0.49,0.69,0.89,1.18,1.26,1.31,
6413100,"Tyler Kolek",3200,PG,NYK,SAC,157958,1232325,,9.5,3.74,1.6,1.68,0.59,0.75,0.09,0.03,5.42,5.34,7.02,0.12,3.28,1.91,0.78,1.79,0.54,0.39,3.7,1.37,7.79,7.79,8.42,2.63,0.19%,127,154,WED,148863,173,6413100,4.46,13.45,0,0,0.02,4.47,6.58,8.42,10.26,13.42,14.74,20.79,
8998505,"Mohamed Diawara",3000,PF,NYK,SAC,157958,1437712,,2,0.83,0.47,0.12,0.08,0.1,0.06,0.06,0.95,1.3,1.42,0.12,0.59,0.51,0.24,0.22,0.21,0.1,0.73,0.32,1.83,1.83,1.83,0.61,0.04%,127,154,WED,622557,175,8998505,0.48,3.88,0,0,0,0,1.46,1.83,2.93,5.12,6.59,11.35,
1245,"Paul George",6600,SF/PF,PHI,CLE,157954,469218,,32,15.32,5.07,3.73,2.35,1.8,1.75,0.39,19.05,20.39,24.12,2.14,8.8,6.57,2.89,6.05,2.86,2.49,12.62,5.24,31.62,31.62,31.85,4.83,14.26%,128,131,WED,12282,181,1245,23.72,40.86,9.7,9.7,9.66,23.7,28.28,31.85,35.42,41.02,43.06,53,
13904,"Andre Drummond",4500,C,PHI,CLE,157954,614746,,12,5.06,5.14,0.3,0.19,0.59,0.2,0.5,5.36,10.2,10.5,0.7,5.44,3.35,1.69,0.58,1.79,1.1,3.93,1.88,13.19,13.19,13.14,2.92,0.11%,128,131,WED,12376,182,13904,8.57,18.35,0,0,0.01,8.43,10.91,13.14,15.12,18.35,19.83,25.29,
18578,"Joel Embiid",9300,C,PHI,CLE,157954,794508,,33,27.38,8.82,3.87,1.64,3.13,0.76,1.39,31.25,36.2,40.07,2.15,12.69,12.82,6.29,5.51,11.38,9.86,18.33,7.93,47.09,47.09,48.3,5.19,17.01%,128,131,WED,12561,183,18578,38.74,58.81,16.68,16.68,20.69,38.74,44.02,48.3,52.32,58.87,61.38,71.95,
18925,"Kelly Oubre",5200,SF,PHI,CLE,157954,843271,,28,11.07,4.57,1.2,1.08,1.04,0.95,0.4,12.27,15.64,16.84,1.35,5.77,6.38,2.88,3.51,2.71,2.07,9.89,3.96,21.36,21.36,21.31,4.1,0.56%,128,131,WED,12066,184,18925,14.71,28.57,1.09,1.09,2.85,14.63,18.49,21.31,24.39,28.76,30.81,39.8,
2439150,"Tyrese Maxey",9900,PG,PHI,CLE,157954,1186160,,38,25.89,3.71,6.54,3.17,2.4,1.96,0.58,32.43,29.6,36.14,2.54,10.25,11.84,5.59,8.45,5.97,5.21,20.29,8.76,45.37,45.37,45.98,4.64,6.07%,128,131,WED,92143,185,2439150,35.67,56.92,4.38,4.38,10.16,35.62,41.43,45.98,50.53,57.35,59.62,71.75,
3005116,"Quentin Grimes",5300,SG/SF,PHI,CLE,157954,1132827,,24.5,9.45,2.6,2.77,1.55,1.55,1.13,0.36,12.22,12.05,14.82,1.49,5.37,3.37,1.49,4.25,2.24,1.82,7.62,3.04,19.65,19.65,19.84,3.74,0.17%,128,131,WED,72687,186,3005116,13.43,27.18,0.7,0.7,1.37,13.31,16.83,19.84,22.85,27.12,28.88,37.92,
3588078,"Jabari Walker",3200,SF/PF,PHI,CLE,157954,1232517,,5,1.23,1.59,0.2,0.1,0.13,0.08,0.09,1.43,2.82,3.02,0.17,1.79,0.72,0.33,0.32,0.4,0.29,1.04,0.43,3.82,3.82,3.84,1.2,0.13%,128,131,WED,149219,188,3588078,1.38,7.02,0,0,0,1.37,2.74,3.84,4.94,7.13,7.95,11.8,
3591251,"Dominick Barlow",3900,PF/C,PHI,CLE,157954,1419291,,22,6.39,4.9,0.79,0.27,0.68,0.77,0.67,7.18,11.29,12.08,1.44,5.69,3.88,2.15,0.99,1.69,1.26,4.87,2.42,17.1,17.1,16.38,4.2,0.66%,128,131,WED,195468,189,3591251,11.15,22.14,1.09,1.09,1.72,11.09,13.86,16.38,18.4,22.18,23.69,31,
6413161,"Adem Bona",3800,C,PHI,CLE,157954,1350567,,4,0.7,1.15,0.01,0,0.09,0.07,0.25,0.71,1.85,1.86,0.32,1.16,0.39,0.25,0,0.29,0.19,0.39,0.25,2.97,2.97,2.75,0.72,0.04%,128,131,WED,245359,190,6413161,0.62,5.65,0,0,0,0.55,1.38,2.75,3.58,5.78,6.33,9.9,
6413162,"Jared McCain",3300,PG/SG,PHI,CLE,157954,1458807,,6,2.02,0.85,0.5,0.33,0.32,0.29,0,2.52,2.87,3.37,0.29,1.35,1,0.38,0.94,0.33,0.28,1.94,0.71,4.34,4.34,4.42,1.34,0.22%,128,131,WED,281664,191,6413162,1.45,8.46,0,0,0,1.38,3.04,4.42,5.8,8.29,9.12,14.37,
8985867,"VJ Edgecombe",7200,SG,PHI,CLE,157954,1519361,,35.5,15.16,5.11,4.02,1.68,1.88,1.22,0.44,19.18,20.27,24.29,1.66,9.13,8.3,3.7,4.88,3.48,2.72,13.18,5.38,30.42,30.42,30.84,4.28,0.79%,128,131,WED,455370,193,8985867,23.11,39.55,1.37,1.37,3.26,23.19,27.53,30.84,34.41,40.02,42.05,52.5,
1053,"DeMar DeRozan",7200,SF/PF,SAC,NYK,157958,457594,,34,20.71,3.43,3.86,1,1.17,1.47,0.28,24.57,24.14,28,1.75,7.29,11.83,5.94,2.97,6.75,5.85,14.8,6.94,34.7,34.7,34.22,4.75,10.74%,154,127,WED,12233,195,1053,26.76,42.96,9.08,9.08,7.29,26.73,30.72,34.22,37.72,43.21,45.21,55.2,
18583,"Doug McDermott",3000,SF/PF,SAC,NYK,157958,554804,,1.5,0.57,0.1,0.02,0.17,0.05,0,0.01,0.59,0.67,0.69,0.01,0.12,0.07,0.03,0.44,0.02,0.01,0.51,0.2,0.7,0.7,0.81,0.27,0.40%,154,127,WED,12541,196,18583,0.13,1.62,0,0,0,0.35,0.58,0.81,1.04,1.39,1.48,1.54,
18622,"Zach LaVine",6700,SG,SAC,NYK,157958,743777,,33,20.9,3.11,2.22,2.97,2.2,0.51,0.3,23.12,24.01,26.23,0.81,5.33,8.7,4.28,7.08,4.04,3.42,15.78,7.25,28.19,28.19,30.12,4.5,2.24%,154,127,WED,12521,198,18622,22.16,39.43,3.47,3.47,6.06,22.02,26.32,30.12,33.66,39.49,41.76,51.63,
37827,"Malik Monk",4900,PG/SG,SAC,NYK,157958,957492,,27,14.25,2.85,3.14,2,1.89,0.8,0.27,17.39,17.1,20.24,1.07,5.99,6.93,3.03,5.63,2.65,2.21,12.56,5.03,23.7,23.7,24.72,5.04,13.10%,154,127,WED,38273,201,37827,17.57,32.87,13.45,13.45,13.95,17.4,21.44,24.72,27.75,32.83,35.06,44.4,
570198,"Drew Eubanks",3000,C,SAC,NYK,157958,883573,,1.5,0.55,0.29,0.01,0,0.09,0.01,0.03,0.56,0.84,0.85,0.04,0.3,0.37,0.21,0,0.18,0.11,0.37,0.21,0.94,0.94,0.96,0.32,0.13%,154,127,WED,83665,202,570198,0.14,1.92,0,0,0,0,0,0.96,1.6,2.88,3.84,6.72,
3584031,"Keon Ellis",3500,SG/SF,SAC,NYK,157958,1231210,,13.5,4.23,1.53,0.4,0.96,0.29,0.59,0.28,4.63,5.76,6.16,0.87,1.93,1.05,0.45,2.36,0.59,0.45,3.41,1.41,8.99,8.99,8.82,2.52,0.13%,154,127,WED,148680,203,3584031,4.4,14.09,0,0,0.02,4.41,7,8.82,11.15,14.27,15.82,22.31,
6413219,"Devin Carter",3000,PG/SG,SAC,NYK,157958,1340755,,1.5,0.47,0.19,0.14,0.06,0.08,0.08,0.03,0.61,0.66,0.8,0.11,0.33,0.23,0.08,0.21,0.16,0.12,0.44,0.14,1.16,1.16,1.13,0.38,0.04%,154,127,WED,180026,206,6413219,0.37,2.26,0,0,0,0,0,1.13,1.7,3.11,3.96,7.06,
8985924,"Nique Clifford",3700,SF/PF,SAC,NYK,157958,1232529,,22,6.89,2.97,1.29,0.97,0.79,0.64,0.36,8.18,9.86,11.15,1,4.26,3.45,1.51,2.82,1.31,0.96,6.27,2.48,14.6,14.6,14.63,3.95,0.65%,154,127,WED,149220,208,8985924,9.26,21.01,1.27,1.27,1.76,9.24,12.32,14.63,17.45,21.3,22.84,30.54,
8998624,"Maxime Raynaud",5400,C,SAC,NYK,157958,1326453,,29,10.93,8.31,1.64,0.5,1.4,0.69,0.76,12.57,19.24,20.88,1.45,9.95,7.95,3.78,1.41,2.55,1.87,9.36,4.28,26.31,26.31,26.53,4.91,9.57%,154,127,WED,180050,209,8998624,20,34.58,7.46,7.46,10.93,19.77,23.53,26.53,29.78,34.79,36.54,44.8,
9095884,"Dylan Cardwell",3600,C,SAC,NYK,157958,1251665,,18,5.14,5.71,1.24,0.03,0.57,0.4,1.25,6.38,10.85,12.09,1.65,6.95,3.92,2.21,0.1,1.42,0.64,4.02,2.24,18.23,18.23,17.18,4.77,2.45%,154,127,WED,158377,210,9095884,12.02,23.07,3.34,3.34,4.58,12.03,14.97,17.18,19.63,23.32,24.79,30.92,
2439312,"Precious Achiuwa",4200,PF/C,SAC,NYK,157958,1175124,,26.5,7.75,6.25,1.83,0.29,0.45,0.96,0.7,9.58,14,15.83,1.66,8.08,6.02,2.91,1.05,1.88,1.06,7.07,3.2,22.53,22.53,21.6,5.14,19.81%,154,127,WED,89036,212,2439312,15.75,28.02,12.94,12.94,9.89,15.46,18.9,21.6,24.05,27.98,29.7,37.31,
1083,"Russell Westbrook",7800,PG,SAC,NYK,157958,329830,,32.5,18.02,6.38,6.57,1.9,3.83,1.32,0.23,24.59,24.4,30.97,1.55,12.95,10.66,4.57,5.8,4.65,3.16,16.46,6.47,36.35,36.35,38.32,4.91,10.36%,154,127,WED,12188,214,1083,29.2,48.1,12.5,12.5,12.92,29.02,34.06,38.32,42.08,48.09,50.59,61.86,
35227,"Brandon Ingram",7600,SG,TOR,IND,157953,887665,,33.5,23.46,6.55,2.91,1.94,2.57,0.63,0.71,26.37,30.01,32.92,1.34,9.46,13.66,6.53,5.35,5.58,4.59,19.01,8.47,37.14,37.14,38.55,5.07,16.87%,129,133,WED,28073,217,35227,29.76,48.1,14.37,14.37,15.14,29.67,34.49,38.55,42.35,48.19,50.47,60.87,
2439514,"Immanuel Quickley",7000,PG,TOR,IND,157953,1134175,Q,33,19.09,4.1,5.61,2.97,1.67,0.71,0.22,24.7,23.19,28.8,0.93,9.71,7.79,3.14,8.03,4.74,3.89,15.82,6.11,33.55,33.55,35.23,5.03,13.84%,129,133,WED,69988,219,2439514,26.47,44.74,14.27,14.27,14.24,26.42,31.2,35.23,38.75,44.79,47.31,58.13,
3005154,"Scottie Barnes",8500,PF,TOR,IND,157953,1251666,,33.5,19.98,8.99,4.46,1.34,2.28,1.19,0.87,24.44,28.97,33.43,2.06,13.45,12.45,5.9,4.4,5.2,4.16,16.85,7.24,41.36,41.36,42.18,4.96,15.10%,129,133,WED,150124,220,3005154,33.15,51.81,12.44,12.44,13.43,32.89,38.16,42.18,45.95,51.72,54.23,65.53,
3005245,"Sandro Mamukelashvili",5000,C,TOR,IND,157953,1060351,Q,21.5,8.99,5.7,1.76,1.29,0.8,0.77,0.58,10.75,14.69,16.45,1.35,7.46,3.85,1.92,3.6,1.7,1.29,7.45,3.21,21.72,21.72,21.74,4.35,0.44%,129,133,WED,69792,221,3005245,15.55,28.9,1.23,1.23,3.91,15.49,18.74,21.74,24.49,28.52,30.49,38.73,
3042011,"A.J. Lawson",3000,PG/SF,TOR,IND,157953,1137214,,14,6.33,2.31,0.36,0.88,0.49,0.51,0.69,6.69,8.64,9,1.2,2.67,2.81,1.21,2.59,1.67,1.26,5.4,2.09,12.75,12.75,12.35,4.12,3.12%,129,133,WED,87351,222,3042011,7.45,18.43,2.47,2.47,2.11,7.46,10.29,12.35,14.67,18.78,20.33,27.02,
3587751,"Ochai Agbaji",3200,SF/PF,TOR,IND,157953,1132831,,7,1.77,1.13,0.39,0.23,0.1,0.33,0.04,2.16,2.9,3.29,0.37,1.52,0.98,0.45,0.79,0.22,0.17,1.77,0.68,4.72,4.72,4.57,1.43,0.24%,129,133,WED,72696,223,3587751,1.73,8.33,0,0,0,1.61,3.49,4.57,5.91,8.33,9.41,14.25,
4878681,"Gradey Dick",3400,SG/SF,TOR,IND,157953,1416377,,13,4.22,1.69,0.28,0.67,0.37,0.67,0.08,4.5,5.91,6.19,0.75,1.97,1.83,0.76,1.96,0.82,0.7,3.79,1.43,8.55,8.55,8.4,2.47,0.40%,129,133,WED,245030,224,4878681,4.34,13.33,0,0,0.01,4.2,6.56,8.4,10.24,13.39,14.44,20.74,
6413259,"Jamal Shead",4700,PG,TOR,IND,157953,1231795,,30,9.95,2.22,6.88,1.53,1.78,1.26,0.23,16.83,12.17,19.05,1.49,9.1,5.1,1.99,4.75,1.79,1.38,9.85,3.52,25.62,25.62,26.02,5.54,23.62%,129,133,WED,149299,226,6413259,18.56,34.97,22.22,22.22,23.31,18.73,22.64,26.02,29.66,35.39,37.47,47.88,
6413260,"Jonathan Mogbo",3100,PF/C,TOR,IND,157953,1404902,,2,0.5,0.54,0.15,0.02,0.05,0.07,0.05,0.65,1.04,1.19,0.12,0.69,0.36,0.17,0.08,0.11,0.09,0.44,0.19,1.68,1.68,1.63,0.53,0.33%,129,133,WED,244906,227,6413260,0.36,3.23,0,0,0,0,0.98,1.63,2.61,4.24,5.22,8.8,
6998287,"Jamison Battle",3200,PF,TOR,IND,157953,1174935,,9,2.98,1.49,0.32,0.74,0.21,0.11,0,3.3,4.47,4.79,0.11,1.81,0.69,0.32,1.77,0.16,0.12,2.46,1.06,5.37,5.37,5.81,1.82,0.04%,129,133,WED,92426,229,6998287,2.26,10.63,0,0,0,2.21,4.15,5.81,7.47,10.51,11.9,17.98,
8985962,"Collin Murray-Boyles",5300,PF/C,TOR,IND,157953,1465110,,29,10.7,6.97,2.7,0.98,1.18,0.73,0.62,13.4,17.67,20.37,1.35,9.67,6.15,2.93,2.75,2.47,1.89,8.9,3.91,25.98,25.98,26.2,4.94,11.92%,129,133,WED,289282,230,8985962,19.35,33.99,12.02,12.02,11.46,19.46,23.21,26.2,29.19,34.18,36.18,45.41,
8998663,"Alijah Martin",3000,SG,TOR,IND,157953,1232344,,14.5,5.25,2.36,0.87,0.69,0.63,0.48,0.13,6.12,7.61,8.48,0.61,3.23,2.65,1.15,1.99,1.14,0.87,4.64,1.84,10.59,10.59,10.76,3.59,0.12%,129,133,WED,149391,231,8998663,6.32,16.26,0.38,0.38,0.52,6.3,8.92,10.76,12.86,16.53,17.85,23.88,
18615,"Kyle Anderson",3500,PF/C,UTA,CHI,157955,697720,,12,5.02,2.42,1.47,0.24,0.91,0.66,0.41,6.49,7.44,8.91,1.07,3.89,3.63,1.7,0.65,1.24,0.9,4.28,1.94,12.43,12.43,12.06,3.45,0.40%,149,130,WED,12549,238,18615,7.46,17.41,0.21,0.21,0.25,7.44,10.01,12.06,14.37,17.45,18.99,25.4,
18619,"Jusuf Nurkic",7300,C,UTA,CHI,157955,830642,,29,15.34,10.21,4.38,0.67,1.78,0.95,0.52,19.72,25.55,29.93,1.47,14.59,9.49,5.04,2.13,5.43,3.25,11.62,5.71,36.79,36.79,37.75,5.17,19.89%,149,130,WED,12573,239,18619,29.3,46.47,13.17,13.17,15.4,29.19,33.98,37.75,41.27,46.81,48.82,59.14,
409280,"Svi Mykhailiuk",4000,SG/SF,UTA,CHI,157955,843265,,25,10.06,2.95,1.71,2.33,0.66,0.5,0.18,11.77,13.01,14.72,0.68,4.66,2.79,1.19,6.23,0.85,0.69,9.02,3.52,17.55,17.55,18.51,4.63,8.60%,149,130,WED,72692,242,409280,12.04,26.03,7.61,7.61,7.66,12.08,15.68,18.51,21.59,26.22,28.54,37.02,
4878700,"Taylor Hendricks",3100,PF,UTA,CHI,157955,1405861,,10,3.77,2.4,0.72,0.6,0.32,0.34,0.36,4.49,6.17,6.89,0.7,3.12,1.59,0.75,1.61,0.62,0.48,3.2,1.35,9.51,9.51,9.39,3.03,0.04%,149,130,WED,245312,245,4878700,5.15,14.25,0,0,0.07,4.96,7.56,9.39,11.22,14.35,15.91,22.43,
4878701,"Brice Sensabaugh",5800,SG/SF,UTA,CHI,157955,1408260,,24,13.63,3.41,1.67,2.53,1.49,0.84,0.18,15.3,17.04,18.71,1.02,5.08,4.85,2.13,6.99,2.02,1.78,11.84,4.66,21.8,21.8,22.96,3.96,0.18%,149,130,WED,244814,246,4878701,15.72,31.21,1.07,1.07,3.02,15.56,19.64,22.96,26.28,31.12,33.16,42.86,
4878702,"Keyonte George",8200,PG,UTA,CHI,157955,1408151,,34.5,24.9,4.35,5.4,3.27,2.84,0.91,0.38,30.3,29.25,34.65,1.29,9.75,9.98,4.31,9.24,7.4,6.46,19.22,7.58,39.25,39.25,41.33,5.04,14.31%,149,130,WED,245017,247,4878702,32.07,51.19,16.37,16.37,15.59,32.01,37.3,41.33,45.36,51.91,54.18,66.53,
6413281,"Kyle Filipowski",5400,PF/C,UTA,CHI,157955,1403609,,28,14.07,8.62,2.15,1.58,1.44,1.13,0.98,16.22,22.69,24.84,2.11,10.77,7.22,3.35,4.75,3.91,2.63,11.97,4.93,32.53,32.53,32.74,6.06,32.07%,149,130,WED,245488,248,6413281,24.65,41.88,48.29,48.29,37.43,24.36,29.19,32.74,36.29,41.88,44.16,54.06,
6413282,"Isaiah Collier",5600,PG,UTA,CHI,157955,1463591,,22,9.4,2.09,6.34,0.65,1.1,0.77,0.27,15.74,11.49,17.83,1.04,8.43,6.56,2.85,1.87,2.1,1.74,8.43,3.5,23.44,23.44,23.46,4.19,0.17%,149,130,WED,288765,249,6413282,16.84,30.88,1.05,1.05,3.16,16.83,20.4,23.46,26.52,31.11,33.15,42.08,
6413283,"Cody Williams",3700,SF,UTA,CHI,157955,1458830,,21,6.98,2.86,1.17,0.91,0.99,0.34,0.46,8.15,9.84,11.01,0.8,4.03,4.1,1.67,3.94,1.32,0.91,8.04,2.58,13.58,13.58,13.87,3.75,0.22%,149,130,WED,289633,250,6413283,8.71,19.95,0.73,0.73,0.97,8.73,11.56,13.87,16.18,20.03,21.58,28.77,
8985980,"Ace Bailey",5000,SF,UTA,CHI,157955,1519363,,17,8.6,2.94,1.15,0.94,0.8,0.56,0.38,9.75,11.54,12.69,0.94,4.09,4.67,2.09,2.73,2.04,1.6,7.4,3.03,15.87,15.87,15.95,3.19,0.04%,149,130,WED,457422,252,8985980,10.34,22.18,0.04,0.04,0.15,10.2,13.6,15.95,18.56,22.49,24.06,31.9,
8985981,"Walter Clayton",3600,PG/SG,UTA,CHI,157955,1338969,,17.5,8.13,1.66,2.81,1.05,0.68,0.61,0.21,10.94,9.79,12.6,0.82,4.47,4.03,1.75,3.03,1.76,1.46,7.06,2.8,16.12,16.12,16.25,4.51,3.41%,149,130,WED,179646,253,8985981,10.46,22.92,3.17,3.17,5,10.41,13.46,16.25,18.79,22.85,24.38,31.74,
13990,"Khris Middleton",4000,PF,WAS,LAC,157959,512053,,19.5,7.74,3,2.07,0.88,0.99,0.69,0.26,9.81,10.74,12.81,0.95,5.07,4.25,1.86,2.55,1.65,1.38,6.8,2.74,16.31,16.31,16.44,4.11,0.36%,139,151,WED,12405,257,13990,10.87,23.08,1.05,1.05,2.41,10.79,13.87,16.44,18.84,22.86,24.66,32.11,
409321,"Marvin Bagley",3800,C,WAS,LAC,157959,1076209,,15.5,8.03,4.52,0.61,0.18,0.85,0.48,0.49,8.64,12.55,13.16,0.97,5.13,5.01,3.04,0.49,1.97,1.41,5.5,3.22,16.43,16.43,16.21,4.27,0.38%,139,151,WED,75292,259,409321,11.02,21.97,0.51,0.51,1.96,10.81,13.89,16.21,18.53,21.87,23.67,30.62,
2442381,"Anthony Gill",3000,PF/C,WAS,LAC,157959,604290,,1,0.28,0.16,0,0.02,0.02,0.03,0.01,0.28,0.44,0.44,0.04,0.16,0.14,0.08,0.06,0.08,0.06,0.2,0.1,0.57,0.57,0.56,0.19,0.04%,139,151,WED,161323,260,2442381,0.09,1.12,0,0,0,0.24,0.4,0.56,0.72,0.96,1.02,1.07,
3022324,"Justin Champagnie",4600,SF/PF,WAS,LAC,157959,1175260,,20.5,7.61,5.96,1.12,1,0.39,0.54,0.65,8.73,13.57,14.69,1.19,7.08,3.51,1.8,2.9,1.44,1.03,6.41,2.8,19.62,19.62,19.45,4.23,1.49%,139,151,WED,90636,261,3022324,13.7,26.55,1.48,1.48,3.04,13.49,16.86,19.45,22.04,26.45,28.27,36.57,
3588017,"Malaki Branham",3400,SG/SF,WAS,LAC,157959,1325163,,8.5,3.39,1.34,0.46,0.48,0.35,0.26,0.11,3.85,4.73,5.19,0.37,1.8,1.76,0.76,1.38,0.54,0.46,3.14,1.24,6.45,6.45,6.56,1.93,0.29%,139,151,WED,179876,263,3588017,2.88,10.9,0,0,0,2.62,4.72,6.56,8.13,10.76,11.81,18.11,
4874611,"Tristan Vukcevic",3300,C,WAS,LAC,157959,1350809,,6.5,2.92,1.13,0.48,0.29,0.54,0.05,0.44,3.4,4.05,4.53,0.49,1.61,1.39,0.65,1.05,0.98,0.76,2.44,0.94,5.93,5.93,5.91,1.79,0.36%,139,151,WED,267060,264,4874611,2.58,9.1,0,0,0,2.57,4.37,5.91,7.45,10.28,11.31,16.19,
4874612,"Bilal Coulibaly",5500,SF,WAS,LAC,157959,1437526,,28,10.69,4.55,2.5,1.05,1.56,1.12,0.64,13.19,15.24,17.74,1.76,7.05,5.94,2.39,3.72,3.66,2.75,9.66,3.44,23.62,23.62,23.4,4.25,3.58%,139,151,WED,266177,265,4874612,16.75,31.13,1.81,1.81,3.98,16.79,20.6,23.4,26.45,31.28,33.32,41.2,
6413040,"AJ Johnson",3100,SG,WAS,LAC,157959,1502175,,12,5.15,1.42,1.13,0.67,0.64,0.4,0.1,6.28,6.57,7.7,0.5,2.55,2.55,1.11,1.93,1.12,0.93,4.48,1.78,9.41,9.41,9.64,3.11,0.29%,139,151,WED,449000,267,6413040,5.28,15.25,0,0,0.2,5.36,7.77,9.64,11.78,15.53,17.14,23.56,
6413302,"Alexandre Sarr",7600,C,WAS,LAC,157959,1429349,,27.5,15.22,6.47,2.54,1.46,1.69,0.87,2.01,17.76,21.69,24.23,2.88,9.01,9.57,4.29,4.52,3.28,2.27,14.09,5.75,33.74,33.74,32.88,4.33,0.44%,139,151,WED,368365,269,6413302,25.11,41.45,1.52,1.52,3.21,24.97,29.42,32.88,36.34,41.53,43.76,54.39,
6413303,"Kyshawn George",6000,SG,WAS,LAC,157959,1460113,,27.5,11.92,4.25,3.88,2.12,1.98,0.78,0.56,15.8,16.17,20.05,1.34,8.13,4.82,1.98,5.88,2.15,1.6,10.7,4.1,24.88,24.88,25.82,4.3,0.38%,139,151,WED,281782,270,6413303,18.5,34.43,1.74,1.74,5.57,18.41,22.5,25.82,28.89,34.51,36.56,47.04,
6413304,"Carlton Carrington",4900,PG,WAS,LAC,157959,1460336,,29.5,10.03,3.78,4.07,1.9,1.87,0.59,0.4,14.1,13.81,17.88,0.99,7.85,4.07,1.68,5.04,1.25,0.96,9.11,3.58,21.77,21.77,22.86,4.67,4.58%,139,151,WED,281770,271,6413304,15.98,30.81,4.5,4.5,8.57,15.92,19.78,22.86,25.94,31.08,33.13,42.38,
8986000,"Tre Johnson",5200,PG/SG,WAS,LAC,157959,1546380,,27.5,15.45,3.06,2.45,2.54,1.9,0.8,0.28,17.9,18.51,20.96,1.08,5.51,5.87,2.55,7.32,3.29,2.73,13.19,5.09,24.14,24.14,25.43,4.89,10.06%,139,151,WED,504436,272,8986000,17.78,33.74,9.5,9.5,12.79,17.72,22.09,25.43,28.77,34.16,36.22,45.72,
8986001,"Will Riley",3000,SF/PF,WAS,LAC,157959,1520672,,16.5,7.01,2.39,1.36,0.77,0.81,0.5,0.27,8.37,9.4,10.76,0.77,3.75,3.81,1.7,2.24,1.66,1.31,6.05,2.47,13.42,13.42,13.56,4.52,5.14%,139,151,WED,455401,273,8986001,8.41,19.56,3.62,3.62,3.73,8.19,11,13.56,15.86,19.44,20.98,28.14,
