PLAYERID,PLAYER,SALARY,POS,TEAM,OPP,SCHEDULE_ID,INJURY,PAATT,CMP,PAYDS,PATD,INT,RUATT,RUYDS,RUTD,TAR,REC,REYDS,RETD,FPTS,PP,UD,TOTYD,TOTTD,PARUYD,PARUTD,RUREYD,RURETD,KPTS,FLOOR,CEIL,SMASH,VALUE,OPTO,POWN,SLATE,PARTNERID,CORE_ID,REFID,RGID,OWNERSHIP
13563,"Kirk Cousins",,QB,ATL,ARI,147554,,32.42,21.68,211.83,1.71,0.63,0.7,1.85,0.06,0,0,0,0,15.42,15.41,15.41,213.68,1.77,213.68,1.77,1.85,0.06,0,8.93,23.5,2.74,43.08,2.52,2.58%,MAIN,403308,2307,1,13563,
3491931,"Tyler Allgeier",,RB,ATL,ARI,147554,,0,0,0,0,0,7.83,38.21,0.35,1.27,1.05,6.97,0.06,8.02,7.99,7.46,45.18,0.41,38.21,0.35,45.18,0.41,0,3.68,16.59,2.02,21.68,0.85,0.50%,MAIN,1131198,125422,2,3491931,
4687512,"Bijan Robinson",,RB,ATL,ARI,147554,,0,0,0,0,0,18.35,99.92,0.75,5.74,4.37,33.8,0.25,25.14,25.05,22.86,133.72,1,99.92,0.75,133.72,1,0,15.49,36.53,34.78,67.28,35.2,28.29%,MAIN,1228244,123168,3,4687512,
8261767,"Nate Carter",,RB,ATL,ARI,147554,,0,0,0,0,0,0.12,0.66,0,0,0,0,0,0.07,0.06,0.06,0.66,0,0.66,0,0.66,0,0,0,0.14,,,0,0.00%,MAIN,1214132,134222,4,8261767,
509432,"Khadarel Hodge",,WR,ATL,ARI,147554,,0,0,0,0,0,0,0,0,0.1,0.06,0.64,0.01,0.18,0.18,0.15,0.64,0.01,0,0,0.64,0.01,0,0,0.36,0,0.26,0.02,0.00%,MAIN,757521,76869,5,509432,
982204,"David Sills",,WR,ATL,ARI,147554,,0,0,0,0,0,0,0,0,3.41,2.05,20.24,0.19,5.21,5.2,4.17,20.24,0.19,0,0,20.24,0.19,0,1.56,12.4,0.78,14.5,0.67,0.52%,MAIN,866973,65587,6,982204,
1844218,"Darnell Mooney",,WR,ATL,ARI,147554,,0,0,0,0,0,0.03,0.15,0,4.6,2.82,32.97,0.26,7.71,7.7,6.29,33.12,0.26,0.15,0,33.12,0.26,0,2.88,15.98,2.94,23.5,1.88,2.32%,MAIN,912027,62802,7,1844218,
3491928,"Drake London",,WR,ATL,ARI,147554,Q,0,0,0,0,0,0,0,0,7.14,5.17,52.39,0.41,13.06,13.03,10.44,52.39,0.41,0,0,52.39,0.41,0,6.74,22.88,6.18,26.4,2.48,6.37%,MAIN,1178741,140160,8,3491928,
4773069,"Dylan Drummond",,WR,ATL,ARI,147554,,0,0,0,0,0,0,0,0,0.76,0.48,4.18,0.04,1.13,1.13,0.89,4.18,0.04,0,0,4.18,0.04,0,0,2.26,0,2.28,0.04,0.01%,MAIN,1108534,48414,9,4773069,
3515974,"Deven Thompkins",,WR,ATL,ARI,147554,,0,0,0,0,0,0,0,0,0.1,0.07,0.44,0.01,0.17,0.18,0.14,0.44,0.01,0,0,0.44,0.01,0,0,0.34,0,0.28,0,0.00%,MAIN,1130833,49660,10,3515974,
1849814,"Charlie Woerner",,TE,ATL,ARI,147554,,0,0,0,0,0,0,0,0,0.81,0.58,4.48,0.04,1.26,1.26,0.97,4.48,0.04,0,0,4.48,0.04,0,0,2.52,0.06,3.6,0.05,0.02%,MAIN,922040,58179,11,1849814,
2862126,"Kyle Pitts",,TE,ATL,ARI,147554,,0,0,0,0,0,0,0,0,8.44,5.76,52.38,0.43,13.68,13.62,10.74,52.38,0.43,0,0,52.38,0.43,0,7.05,23.75,10.56,43.12,11.33,7.33%,MAIN,1123026,54917,12,2862126,
3491690,"Teagan Quitoriano",,TE,ATL,ARI,147554,,0,0,0,0,0,0,0,0,0.05,0.03,0.33,0,0.06,0.07,0.05,0.33,0,0,0,0.33,0,0,0,0.12,,,0,0.00%,MAIN,1128538,63778,13,3491690,
36842,"Zane Gonzalez",,K,ATL,ARI,147554,,0,0,0,0,0,0,0,0,0,0,0,0,8.83,8.83,8.83,0,0,0,0,0,0,7.82,3.84,15.03,,,0,0.00%,MAIN,732774,33774,14,36842,
18415,"Arizona Cardinals",,DST,ARI,ATL,147554,,0,0,0,0,0,0,0,0,0,0,0,0,4.9,4.9,4.9,0,0,0,0,0,0,0,0.26,10.71,3.94,31.02,1.86,0.80%,MAIN,355,8463,15,18415,
35493,"Jacoby Brissett",,QB,ARI,ATL,147554,,35.62,22.95,245.67,1.62,0.5,4.76,14.52,0.16,0,0,0,0,18.75,18.7,18.7,260.19,1.78,260.19,1.78,14.52,0.16,0,11.74,27.68,8.28,57.08,9.87,13.18%,MAIN,607047,26395,16,35493,
2861839,"Michael Carter",,RB,ARI,ATL,147554,,0,0,0,0,0,12.65,47.13,0.41,4.33,3.12,24.16,0.11,13.41,13.35,11.79,71.29,0.52,47.13,0.41,71.29,0.52,0,7.34,22.23,6.78,40.92,7.1,10.62%,MAIN,976329,162975,17,2861839,
4715680,"Emari Demercado",,RB,ARI,ATL,147554,,0,0,0,0,0,6.4,24.94,0.21,2.6,1.81,16.17,0.07,7.58,7.55,6.64,41.11,0.28,24.94,0.21,41.11,0.28,0,3.3,15.65,1.42,20,1.06,0.39%,MAIN,1116817,92713,18,4715680,
8268732,"Corey Kiner",,RB,ARI,ATL,147554,,0,0,0,0,0,0.11,0.31,0,0.14,0.09,0.79,0,0.2,0.2,0.15,1.1,0,0.31,0,1.1,0,0,0,0.4,,,0,0.00%,MAIN,1286050,169851,19,8268732,
328944,"Trent Sherfield",,WR,ARI,ATL,147554,,0,0,0,0,0,0,0,0,0.95,0.55,6.3,0.05,1.48,1.48,1.2,6.3,0.05,0,0,6.3,0.05,0,0,2.96,0.02,2.86,0.3,0.10%,MAIN,835861,40523,20,328944,
4687487,"Michael Wilson",,WR,ARI,ATL,147554,,0,0,0,0,0,0.01,0.04,0.01,10.85,6.73,78.55,0.55,18.57,18.53,15.16,78.59,0.56,0.04,0.01,78.59,0.56,0,10.51,30.68,19.6,50.44,18.05,19.97%,MAIN,1123529,42545,21,4687487,
4687678,"Jalen Brooks",,WR,ARI,ATL,147554,,0,0,0,0,0,0,0,0,3.7,1.94,25.39,0.19,5.62,5.6,4.63,25.39,0.19,0,0,25.39,0.19,0,1.62,13.45,1,19.06,3.19,3.14%,MAIN,1223301,171671,22,4687678,
6227658,"Tejhaun Palmer",,WR,ARI,ATL,147554,,0,0,0,0,0,0,0,0,0.24,0.14,1.76,0.01,0.38,0.37,0.3,1.76,0.01,0,0,1.76,0.01,0,0,0.76,0,0.34,0.16,0.04%,MAIN,1315586,167416,23,6227658,
1844275,"Josiah Deguara",,TE,ARI,ATL,147554,,0,0,0,0,0,0,0,0,0.05,0.04,0.34,0,0.07,0.07,0.05,0.34,0,0,0,0.34,0,0,0,0.14,,,0.02,0.01%,MAIN,866149,45301,24,1844275,
3492164,"Trey McBride",,TE,ARI,ATL,147554,,0,0,0,0,0,0,0,0,10.7,7.51,77,0.55,19.3,19.23,15.47,77,0.55,0,0,77,0.55,0,11.06,31.71,27.08,49.34,12.64,13.57%,MAIN,1108161,41195,25,3492164,
4687953,"Elijah Higgins",,TE,ARI,ATL,147554,,0,0,0,0,0,0,0,0,2.02,1.62,14.59,0.09,3.6,3.59,2.78,14.59,0.09,0,0,14.59,0.09,0,0,9.49,0.68,11.1,0.52,0.38%,MAIN,1161853,132184,26,4687953,
37028,"Pharaoh Brown",,TE,ARI,ATL,147554,,0,0,0,0,0,0,0,0,0.05,0.03,0.33,0,0.06,0.07,0.05,0.33,0,0,0,0.33,0,0,0,0.12,,,0.01,0.00%,MAIN,689689,33627,27,37028,
4688002,"Chad Ryland",,K,ARI,ATL,147554,,0,0,0,0,0,0,0,0,0,0,0,0,8.16,8.16,8.16,0,0,0,0,0,0,7.24,3.39,14.08,,,0,0.00%,MAIN,1108545,48407,28,4688002,
18416,"Atlanta Falcons",,DST,ATL,ARI,147554,,0,0,0,0,0,0,0,0,0,0,0,0,7.35,7.35,7.35,0,0,0,0,0,0,0,2.07,14.58,7.14,41.38,5.35,7.82%,MAIN,323,8464,29,18416,
328097,"Lamar Jackson",,QB,BAL,NEP,147552,,28.54,18.72,219.97,1.58,0.56,6.25,29.4,0.28,0,0,0,0,19.47,19.41,19.41,249.37,1.86,249.37,1.86,29.4,0.28,0,12.32,27.9,,,0,0.00%,SNF,877745,62084,30,328097,
35530,"Derrick Henry",,RB,BAL,NEP,147552,,0,0,0,0,0,16.59,76.19,0.88,1.48,1.14,8.63,0.05,16.19,16.12,15.55,84.82,0.93,76.19,0.88,84.82,0.93,0,8.19,27.26,,,0,0.00%,SNF,732145,26360,31,35530,
4744211,"Keaton Mitchell",,RB,BAL,NEP,147552,,0,0,0,0,0,3.98,19.57,0.11,1.48,1.05,10.14,0.05,4.96,4.95,4.42,29.71,0.16,19.57,0.11,29.71,0.16,0,1.58,11.7,,,0,0.00%,SNF,1222789,140482,32,4744211,
6227728,"Rasheen Ali",,RB,BAL,NEP,147552,,0,0,0,0,0,0.27,1.12,0,3.12,2.04,18.02,0.11,4.61,4.6,3.58,19.14,0.11,1.12,0,19.14,0.11,0,0.71,10.76,,,0,0.00%,SNF,1229133,148325,33,6227728,
16563,"DeAndre Hopkins",,WR,BAL,NEP,147552,,0,0,0,0,0,0,0,0,2.13,1.3,16.72,0.17,3.99,3.98,3.33,16.72,0.17,0,0,16.72,0.17,0,0,10.97,,,0,0.00%,SNF,560241,3873,34,16563,
2861518,"Tylan Wallace",,WR,BAL,NEP,147552,,0,0,0,0,0,0,0,0,0.23,0.15,1.96,0.01,0.41,0.41,0.33,1.96,0.01,0,0,1.96,0.01,0,0,0.82,,,0,0.00%,SNF,1062546,46520,35,2861518,
2861521,"Rashod Bateman",,WR,BAL,NEP,147552,Q,0,0,0,0,0,0,0,0,2.89,1.78,23.4,0.14,4.97,4.96,4.07,23.4,0.14,0,0,23.4,0.14,0,0.95,11.53,,,0,0.00%,SNF,1108208,44328,36,2861521,
4687538,"Zay Flowers",,WR,BAL,NEP,147552,,0,0,0,0,0,0.64,3.43,0.01,7.43,4.94,63.44,0.4,14.5,14.47,12,66.87,0.41,3.43,0.01,66.87,0.41,0,7.41,25.61,,,0,0.00%,SNF,1177053,136555,37,4687538,
6227729,"Devontez Walker",,WR,BAL,NEP,147552,,0,0,0,0,0,0,0,0,0.4,0.25,3.2,0.02,0.69,0.69,0.56,3.2,0.02,0,0,3.2,0.02,0,0,1.38,,,0,0.00%,SNF,1277914,140381,38,6227729,
328096,"Mark Andrews",,TE,BAL,NEP,147552,,0,0,0,0,0,1.16,1.33,0.01,5,3.37,38.5,0.34,9.48,9.44,7.75,39.83,0.35,1.33,0.01,39.83,0.35,0,3.56,19.58,,,0,0.00%,SNF,820699,40601,39,328096,
3491347,"Charlie Kolar",,TE,BAL,NEP,147552,,0,0,0,0,0,0,0,0,0.65,0.47,5.84,0.04,1.29,1.29,1.05,5.84,0.04,0,0,5.84,0.04,0,0,2.58,,,0,0.00%,SNF,1058648,63283,40,3491347,
3491355,"Isaiah Likely",,TE,BAL,NEP,147552,,0,0,0,0,0,0,0,0,3.72,2.53,28.57,0.25,6.88,6.86,5.59,28.57,0.25,0,0,28.57,0.25,0,2.39,16.02,,,0,0.00%,SNF,1125111,126944,41,3491355,
8228349,"Tyler Loop",,K,BAL,NEP,147552,,0,0,0,0,0,0,0,0,0,0,0,0,8.67,8.67,8.67,0,0,0,0,0,0,7.7,4.01,14.77,,,0,0.00%,SNF,n/a,147914,42,8228349,
18432,"New England Patriots",,DST,NEP,BAL,147552,,0,0,0,0,0,0,0,0,0,0,0,0,5.37,5.37,5.37,0,0,0,0,0,0,0,0.48,11.29,,,0,0.00%,SNF,348,8481,43,18432,
328331,"Josh Allen",,QB,BUF,CLE,147547,,28.95,19,212.36,1.81,0.67,8.44,38.99,0.54,0,0,0,0,22.54,22.47,22.47,251.35,2.35,251.35,2.35,38.99,0.54,0,14.29,32.46,13.1,61.74,5.21,7.70%,MAIN,868199,58465,44,328331,
982111,"Ty Johnson",,RB,BUF,CLE,147547,,0,0,0,0,0,2.42,10.49,0.06,2.78,1.9,19.57,0.13,6.04,6.03,5.08,30.06,0.19,10.49,0.06,30.06,0.19,0,1.78,13.86,1.1,13.66,0.51,0.38%,MAIN,877784,68741,45,982111,
3491576,"James Cook",,RB,BUF,CLE,147547,,0,0,0,0,0,17.78,84.13,0.64,3.22,2.32,20.64,0.15,18.56,18.47,17.31,104.77,0.79,84.13,0.64,104.77,0.79,0,9.91,29.01,13.02,43.58,11.15,13.31%,MAIN,1131012,58170,46,3491576,
6227753,"Ray Davis",,RB,BUF,CLE,147547,,0,0,0,0,0,0.42,1.53,0,0.45,0.33,3.17,0.02,0.92,0.92,0.75,4.7,0.02,1.53,0,4.7,0.02,0,0,1.84,0,0.56,0,0.00%,MAIN,1165229,93411,47,6227753,
2862340,"Josh Palmer",,WR,BUF,CLE,147547,,0,0,0,0,0,0,0,0,2.43,1.62,18.45,0.19,4.6,4.59,3.78,18.45,0.19,0,0,18.45,0.19,0,0.13,12.6,0.58,12.5,1.02,0.84%,MAIN,1059612,66181,48,2862340,
3491575,"Khalil Shakir",,WR,BUF,CLE,147547,,0,0,0,0,0,0.11,0.61,0,5.02,3.55,38.37,0.4,10,9.98,8.2,38.98,0.4,0.61,0,38.98,0.4,0,4.24,19.33,8,33.06,5.12,7.86%,MAIN,1130603,55222,49,3491575,
6227754,"Keon Coleman",,WR,BUF,CLE,147547,,0,0,0,0,0,0,0,0,2.32,1.36,16.03,0.18,4.04,4.03,3.35,16.03,0.18,0,0,16.03,0.18,0,0,11.11,0.46,9.72,0.72,0.28%,MAIN,1322431,170256,50,6227754,
4744237,"Tyrell Shavers",,WR,BUF,CLE,147547,,0,0,0,0,0,0,0,0,1.41,0.88,10.05,0.11,2.54,2.54,2.1,10.05,0.11,0,0,10.05,0.11,0,0,6.99,0.2,9.6,0.58,0.20%,MAIN,973949,63556,51,4744237,
18281,"Brandin Cooks",,WR,BUF,CLE,147547,,0,0,0,0,0,0,0,0,1.77,1.1,12.65,0.14,3.2,3.2,2.65,12.65,0.14,0,0,12.65,0.14,0,0,8.8,0.16,9.22,0.45,0.22%,MAIN,607864,2255,52,18281,
982202,"Dawson Knox",,TE,BUF,CLE,147547,,0,0,0,0,0,0,0,0,3.22,2.08,23.3,0.16,5.36,5.34,4.3,23.3,0.16,0,0,23.3,0.16,0,0.89,13.16,2.24,14.34,0.51,0.67%,MAIN,884083,61345,53,982202,
4687560,"Dalton Kincaid",,TE,BUF,CLE,147547,,0,0,0,0,0,0,0,0,5.24,3.61,37.9,0.26,8.97,8.94,7.13,37.9,0.26,0,0,37.9,0.26,0,3.72,17.84,5.58,22.18,1.69,1.61%,MAIN,1135513,170729,54,4687560,
8228372,"Jackson Hawes",,TE,BUF,CLE,147547,,0,0,0,0,0,0,0,0,1.09,0.73,7.96,0.05,1.82,1.82,1.45,7.96,0.05,0,0,7.96,0.05,0,0,3.64,0.14,4.06,0.1,0.03%,MAIN,1182649,146678,55,8228372,
328489,"Michael Badgley",,K,BUF,CLE,147547,,0,0,0,0,0,0,0,0,0,0,0,0,8.53,8.53,8.53,0,0,0,0,0,0,7.58,3.67,14.67,,,0,0.00%,MAIN,830894,40281,56,328489,
18421,"Cleveland Browns",,DST,CLE,BUF,147547,,0,0,0,0,0,0,0,0,0,0,0,0,4.79,4.79,4.79,0,0,0,0,0,0,0,-0.03,11.07,4.84,34.82,3.73,3.33%,MAIN,329,8470,57,18421,
4687580,"Bryce Young",,QB,CAR,TBB,147546,,33.72,20.62,208.29,1.46,0.68,3.99,14.63,0.09,0,0,0,0,15.66,15.61,15.61,222.92,1.55,222.92,1.55,14.63,0.09,0,9.68,23.63,2.6,41.62,2.74,2.19%,MAIN,1213257,116811,58,4687580,
1844583,"Rico Dowdle",,RB,CAR,TBB,147546,,0,0,0,0,0,12.07,55.12,0.41,3.67,2.68,18.16,0.1,13.26,13.2,11.86,73.28,0.51,55.12,0.41,73.28,0.51,0,7.27,22.45,5.94,33.58,3.74,2.35%,MAIN,933480,53384,59,1844583,
2862163,"Chuba Hubbard",,RB,CAR,TBB,147546,,0,0,0,0,0,7.39,30.88,0.25,3.37,2.36,15.66,0.09,9.03,9,7.82,46.54,0.34,30.88,0.25,46.54,0.34,0,4.18,17.34,1.64,20.24,1.09,0.83%,MAIN,1062047,46456,60,2862163,
8228396,"Trevor Etienne",,RB,CAR,TBB,147546,,0,0,0,0,0,0.33,1.56,0.01,0.27,0.18,1.25,0.01,0.58,0.58,0.49,2.81,0.02,1.56,0.01,2.81,0.02,0,0,1.16,0,0.12,0,0.00%,MAIN,1394803,238273,61,8228396,
4716517,"Brycen Tremayne",,WR,CAR,TBB,147546,,0,0,0,0,0,0,0,0,0.72,0.47,4.6,0.03,1.11,1.11,0.87,4.6,0.03,0,0,4.6,0.03,0,0,2.22,0,1.58,0.02,0.00%,MAIN,1123525,132163,62,4716517,
6227778,"Jalen Coker",,WR,CAR,TBB,147546,,0,0,0,0,0,0,0,0,6.04,3.9,42.49,0.27,9.91,9.88,7.93,42.49,0.27,0,0,42.49,0.27,0,4.4,18.43,8.2,34.96,4.89,5.07%,MAIN,1218753,134299,63,6227778,
6227782,"Xavier Legette",,WR,CAR,TBB,147546,,0,0,0,0,0,0.08,0.28,0,4.75,2.69,26.48,0.21,6.62,6.61,5.26,26.76,0.21,0.28,0,26.76,0.21,0,2.36,14.3,1.26,20.24,1.21,1.54%,MAIN,1180321,138501,64,6227782,
8216948,"Tetairoa McMillan",,WR,CAR,TBB,147546,,0,0,0,0,0,0,0,0,7.68,4.68,57.28,0.45,13.44,13.41,11.07,57.28,0.45,0,0,57.28,0.45,0,6.42,24.34,10.82,37.2,8.16,11.67%,MAIN,1380576,239536,65,8216948,
8228394,"Jimmy Horn",,WR,CAR,TBB,147546,,0,0,0,0,0,0.64,3.76,0.02,1.03,0.64,6.28,0.05,2.06,2.05,1.73,10.04,0.07,3.76,0.02,10.04,0.07,0,0,5.67,0.04,3.44,0.07,0.02%,MAIN,1322393,168229,66,8228394,
2862165,"Tommy Tremble",,TE,CAR,TBB,147546,,0,0,0,0,0,0,0,0,2.16,1.36,11.73,0.09,3.06,3.05,2.37,11.73,0.09,0,0,11.73,0.09,0,0,8.41,0.32,8.16,0.24,0.08%,MAIN,1130555,138593,67,2862165,
6227780,"Ja'Tavion Sanders",,TE,CAR,TBB,147546,,0,0,0,0,0,0,0,0,3.08,2.23,17.84,0.13,4.77,4.75,3.63,17.84,0.13,0,0,17.84,0.13,0,0.8,11.09,0.9,14.18,0.48,0.21%,MAIN,1326628,170968,68,6227780,
8228395,"Mitchell Evans",,TE,CAR,TBB,147546,,0,0,0,0,0,0,0,0,0.96,0.66,5.86,0.04,1.48,1.47,1.14,5.86,0.04,0,0,5.86,0.04,0,0,2.96,0.04,3.14,0.07,0.02%,MAIN,1289471,169321,69,8228395,
8250519,"Ryan Fitzgerald",,K,CAR,TBB,147546,,0,0,0,0,0,0,0,0,0,0,0,0,7.54,7.54,7.54,0,0,0,0,0,0,6.75,2.8,13.4,,,0,0.00%,MAIN,1176373,171446,70,8250519,
18443,"Tampa Bay Buccaneers",,DST,TBB,CAR,147546,,0,0,0,0,0,0,0,0,0,0,0,0,6.17,6.17,6.17,0,0,0,0,0,0,0,2,11.94,6.62,37.78,3.12,1.40%,MAIN,362,8492,71,18443,
6227816,"Caleb Williams",,QB,CHI,GBP,147545,,30.54,18.52,202.69,1.56,0.36,3.98,13.32,0.24,0,0,0,0,16.86,16.82,16.82,216.01,1.8,216.01,1.8,13.32,0.24,0,10.23,25.48,,,0,0.00%,SAT,1286445,171060,72,6227816,
982875,"Travis Homer",,RB,CHI,GBP,147545,Q,0,0,0,0,0,0.21,0.95,0.01,0.03,0.02,0.21,0,0.2,0.19,0.18,1.16,0.01,0.95,0.01,1.16,0.01,0,0,0.4,,,0,0.00%,SAT,922484,52386,73,982875,
1844244,"D'Andre Swift",,RB,CHI,GBP,147545,Q,0,0,0,0,0,12.91,55.16,0.47,2.68,1.96,14.66,0.09,12.49,12.43,11.45,69.82,0.56,55.16,0.47,69.82,0.56,0,6.32,21.61,,,0,0.00%,SAT,1069808,58120,74,1844244,
8228422,"Kyle Monangai",,RB,CHI,GBP,147545,,0,0,0,0,0,10.38,43.73,0.37,2.51,1.52,12.54,0.09,9.88,9.81,9.05,56.27,0.46,43.73,0.37,56.27,0.46,0,4.69,19.12,,,0,0.00%,SAT,1250886,136192,75,8228422,
328733,"D.J. Moore",,WR,CHI,GBP,147545,,0,0,0,0,0,0.8,3.99,0.03,6.71,3.8,46.33,0.46,11.97,11.95,10.05,50.32,0.49,3.99,0.03,50.32,0.49,0,5.39,22.32,,,0,0.00%,SAT,877790,75269,76,328733,
982543,"Olamide Zaccheaus",,WR,CHI,GBP,147545,,0,0,0,0,0,0.4,1.98,0.01,4.82,2.92,30.93,0.32,8.23,8.21,6.75,32.91,0.33,1.98,0.01,32.91,0.33,0,2.97,16.92,,,0,0.00%,SAT,883976,53868,77,982543,
1844099,"Devin Duvernay",,WR,CHI,GBP,147545,,0,0,0,0,0,0,0,0,2.15,1.41,13.6,0.14,3.6,3.6,2.89,13.6,0.14,0,0,13.6,0.14,0,0,9.9,,,0,0.00%,SAT,920756,51057,78,1844099,
8268095,"Jahdae Walker",,WR,CHI,GBP,147545,,0,0,0,0,0,0,0,0,0.5,0.29,3.43,0.03,0.81,0.81,0.66,3.43,0.03,0,0,3.43,0.03,0,0,1.62,,,0,0.00%,SAT,1465213,282939,79,8268095,
3757853,"Maurice Alexander",,WR,CHI,GBP,147545,,0,0,0,0,0,0,0,0,0.06,0.04,0.37,0,0.08,0.08,0.06,0.37,0,0,0,0.37,0,0,0,0.16,,,0,0.00%,SAT,886243,183781,80,3757853,
328366,"Durham Smythe",,TE,CHI,GBP,147545,,0,0,0,0,0,0,0,0,0.34,0.23,2.19,0.01,0.51,0.51,0.39,2.19,0.01,0,0,2.19,0.01,0,0,1.02,,,0,0.00%,SAT,749968,75120,81,328366,
1844217,"Cole Kmet",,TE,CHI,GBP,147545,,0,0,0,0,0,0,0,0,4.26,2.84,28.51,0.16,6.64,6.61,5.19,28.51,0.16,0,0,28.51,0.16,0,2.37,14.01,,,0,0.00%,SAT,1066765,53643,82,1844217,
8216973,"Colston Loveland",,TE,CHI,GBP,147545,,0,0,0,0,0,0,0,0,6.47,4.61,48.91,0.25,11.1,11.06,8.75,48.91,0.25,0,0,48.91,0.25,0,5.34,19.99,,,0,0.00%,SAT,1378821,238444,83,8216973,
18324,"Cairo Santos",,K,CHI,GBP,147545,,0,0,0,0,0,0,0,0,0,0,0,0,8.65,8.65,8.65,0,0,0,0,0,0,7.51,3.74,15.35,,,0,0.00%,SAT,546669,6543,84,18324,
18425,"Green Bay Packers",,DST,GBP,CHI,147545,,0,0,0,0,0,0,0,0,0,0,0,0,5.37,5.37,5.37,0,0,0,0,0,0,0,0.76,11.92,,,0,0.00%,SAT,335,8474,85,18425,
1844126,"Joe Burrow",,QB,CIN,MIA,147557,,36.06,24.55,254.97,1.97,0.61,2.04,5.48,0.1,0,0,0,0,19.29,19.27,19.27,260.45,2.07,260.45,2.07,5.48,0.1,0,12.11,28.28,6.62,47.94,3.1,4.40%,MAIN,878785,64500,86,1844126,
36977,"Samaje Perine",,RB,CIN,MIA,147557,,0,0,0,0,0,7.12,30.23,0.28,2.02,1.6,14.01,0.08,8.16,8.13,7.33,44.24,0.36,30.23,0.28,44.24,0.36,0,3.58,16.53,2.64,24.08,1.33,0.67%,MAIN,820734,33673,87,36977,
4687629,"Chase Brown",,RB,CIN,MIA,147557,,0,0,0,0,0,11.79,52.87,0.47,5.26,4.04,27.21,0.21,16.27,16.2,14.18,80.08,0.68,52.87,0.47,80.08,0.68,0,9.19,26.28,11.74,44.86,8.19,6.37%,MAIN,1123379,56372,88,4687629,
8228448,"Tahj Brooks",,RB,CIN,MIA,147557,,0,0,0,0,0,0.72,3.03,0.03,0.04,0.03,0.21,0,0.53,0.53,0.51,3.24,0.03,3.03,0.03,3.24,0.03,0,0,1.06,0,0.1,0,0.00%,MAIN,1228730,139774,89,8228448,
2861551,"Ja'Marr Chase",,WR,CIN,MIA,147557,,0,0,0,0,0,0.31,1.07,0.01,10.7,7.22,91.09,0.69,21.64,21.61,18,92.16,0.7,1.07,0.01,92.16,0.7,0,12.53,34.84,21.68,51.06,15.2,24.07%,MAIN,1109979,64586,90,2861551,
4687627,"Charlie Jones",,WR,CIN,MIA,147557,Q,0,0,0,0,0,0,0,0,0.42,0.28,2.78,0.03,0.74,0.73,0.59,2.78,0.03,0,0,2.78,0.03,0,0,1.48,0,1.16,0.06,0.02%,MAIN,1067132,44375,91,4687627,
4687628,"Andrei Iosivas",,WR,CIN,MIA,147557,,0,0,0,0,0,0.01,0.05,0,3.27,1.98,24.39,0.21,5.68,5.67,4.68,24.44,0.21,0.05,0,24.44,0.21,0,1.63,13.4,1.12,13.54,0.66,0.42%,MAIN,1124851,146589,92,4687628,
4688248,"Mitchell Tinsley",,WR,CIN,MIA,147557,,0,0,0,0,0,0,0,0,3.21,1.5,20.07,0.21,4.76,4.75,4,20.07,0.21,0,0,20.07,0.21,0,0.29,13.09,0.36,11.8,0.44,0.31%,MAIN,1215305,142727,93,4688248,
328364,"Mike Gesicki",,TE,CIN,MIA,147557,,0,0,0,0,0,0,0,0,5.81,4.13,39.62,0.28,9.81,9.77,7.7,39.62,0.28,0,0,39.62,0.28,0,4.41,18.58,13.68,40.34,5.9,6.03%,MAIN,836152,75263,94,328364,
973054,"Noah Fant",,TE,CIN,MIA,147557,Q,0,0,0,0,0,0,0,0,2.18,1.61,14.88,0.11,3.75,3.74,2.93,14.88,0.11,0,0,14.88,0.11,0,0.2,10.14,1.18,11.98,0.32,0.12%,MAIN,923911,51175,95,973054,
981992,"Drew Sample",,TE,CIN,MIA,147557,,0,0,0,0,0,0,0,0,1.23,0.95,6.53,0.06,1.95,1.95,1.47,6.53,0.06,0,0,6.53,0.06,0,0,5.36,0.52,8.2,0.14,0.05%,MAIN,837824,49309,96,981992,
328798,"Tanner Hudson",,TE,CIN,MIA,147557,,0,0,0,0,0,0,0,0,1.92,1.41,13.12,0.09,3.25,3.24,2.53,13.12,0.09,0,0,13.12,0.09,0,0,8.94,0.98,12.26,0.27,0.09%,MAIN,1115394,40467,97,328798,
2861548,"Evan McPherson",,K,CIN,MIA,147557,,0,0,0,0,0,0,0,0,0,0,0,0,9.01,9.01,9.01,0,0,0,0,0,0,7.89,4.1,15.41,,,0,0.00%,MAIN,1122995,54850,98,2861548,
18430,"Miami Dolphins",,DST,MIA,CIN,147557,,0,0,0,0,0,0,0,0,0,0,0,0,5.33,5.33,5.33,0,0,0,0,0,0,0,0.78,11.1,4.04,34.2,1.9,1.03%,MAIN,345,8479,99,18430,
8228473,"Shedeur Sanders",,QB,CLE,BUF,147547,,29.03,16.83,184.39,0.97,1.01,4.94,14.49,0.07,0,0,0,0,12.18,12.12,12.12,198.88,1.04,198.88,1.04,14.49,0.07,0,6.97,18.94,0.78,27.88,0.48,0.65%,MAIN,1272321,174956,100,8228473,
8223000,"Quinshon Judkins",,RB,CLE,BUF,147547,,0,0,0,0,0,19.22,64.07,0.53,2.55,1.95,12.79,0.07,13.32,13.2,12.22,76.86,0.6,64.07,0.53,76.86,0.6,0,6.71,23.78,5.14,31.54,5.82,6.48%,MAIN,1383807,232887,101,8223000,
8244748,"Raheim Sanders",,RB,CLE,BUF,147547,,0,0,0,0,0,0.45,1.53,0.01,0.34,0.22,1.84,0.01,0.67,0.67,0.56,3.37,0.02,1.53,0.01,3.37,0.02,0,0,1.34,0,0.12,0,0.00%,MAIN,1285895,169694,102,8244748,
981990,"Trayveon Williams",,RB,CLE,BUF,147547,,0,0,0,0,0,2.31,6.61,0.06,2.17,1.5,9.58,0.06,3.82,3.8,3.05,16.19,0.12,6.61,0.06,16.19,0.12,0,0.44,10.28,0.02,4.66,0.03,0.03%,MAIN,910605,65923,103,981990,
1844833,"Jerry Jeudy",,WR,CLE,BUF,147547,,0,0,0,0,0,0,0,0,5.23,3.08,39.45,0.18,8.22,8.2,6.66,39.45,0.18,0,0,39.45,0.18,0,2.97,16.6,3.78,22.52,1.48,1.36%,MAIN,973935,63591,104,1844833,
4687650,"Cedric Tillman",,WR,CLE,BUF,147547,,0,0,0,0,0,0,0,0,2.62,1.53,17.51,0.08,3.76,3.75,2.98,17.51,0.08,0,0,17.51,0.08,0,0,9.63,0.24,7.66,0.12,0.16%,MAIN,1124664,66189,105,4687650,
6228432,"Malachi Corley",,WR,CLE,BUF,147547,,0,0,0,0,0,0.02,0.09,0,1.08,0.66,6.22,0.03,1.47,1.46,1.13,6.31,0.03,0.09,0,6.31,0.03,0,0,2.94,0.04,1.68,0.03,0.03%,MAIN,1215291,142762,106,6228432,
8268155,"Gage Larvadain",,WR,CLE,BUF,147547,,0,0,0,0,0,0,0,0,2.24,1.28,13.43,0.07,3.04,3.03,2.39,13.43,0.07,0,0,13.43,0.07,0,0,8.36,0.18,7.76,0.32,0.13%,MAIN,1323007,172942,107,8268155,
9683249,"Isaiah Bond",,WR,CLE,BUF,147547,,0,0,0,0,0,0.3,1.32,0.01,2.81,1.66,23.56,0.09,4.75,4.74,3.91,24.88,0.1,1.32,0.01,24.88,0.1,0,0.21,11.2,0.4,11.12,0.38,0.49%,MAIN,1398503,233809,108,9683249,
4715678,"Blake Whiteheart",,TE,CLE,BUF,147547,,0,0,0,0,0,0,0,0,0.76,0.46,3.93,0.03,1.03,1.02,0.79,3.93,0.03,0,0,3.93,0.03,0,0,2.06,0,2.28,0.03,0.01%,MAIN,1109731,43416,109,4715678,
8222999,"Harold Fannin",,TE,CLE,BUF,147547,,0,0,0,0,0,0,0,0,9.14,5.73,56.93,0.35,13.8,13.75,10.88,56.93,0.35,0,0,56.93,0.35,0,6.68,24.85,19.82,45.94,18,21.98%,MAIN,1394752,235727,110,8222999,
6227809,"Brenden Bates",,TE,CLE,BUF,147547,,0,0,0,0,0,0,0,0,0.38,0.23,2.19,0.01,0.51,0.51,0.39,2.19,0.01,0,0,2.19,0.01,0,0,1.02,0,0.58,0.03,0.01%,MAIN,1113381,56021,111,6227809,
4715807,"Andre Szmyt",,K,CLE,BUF,147547,,0,0,0,0,0,0,0,0,0,0,0,0,6.4,6.4,6.4,0,0,0,0,0,0,5.7,1.7,12.74,,,0,0.00%,MAIN,1066885,48721,112,4715807,
18417,"Buffalo Bills",,DST,BUF,CLE,147547,,0,0,0,0,0,0,0,0,0,0,0,0,9.3,9.3,9.3,0,0,0,0,0,0,0,4.42,15.35,11.04,51.4,8.06,8.30%,MAIN,324,8466,113,18417,
35539,"Dak Prescott",,QB,DAL,LAC,147551,,36.32,24.75,261.65,1.85,0.82,2.39,8.4,0.11,0,0,0,0,19.27,19.24,19.24,270.05,1.96,270.05,1.96,8.4,0.11,0,12.24,27.73,7.54,50.92,4.29,2.32%,MAIN,591816,26479,114,35539,
2862245,"Javonte Williams",,RB,DAL,LAC,147551,,0,0,0,0,0,14.75,64.82,0.72,2.97,2.25,13.34,0.13,15.29,15.25,14.12,78.16,0.85,64.82,0.72,78.16,0.85,0,7.77,26.3,7.18,33.46,9.32,14.69%,MAIN,1107881,51941,115,2862245,
4857291,"Hunter Luepke",,RB,DAL,LAC,147551,,0,0,0,0,0,0.3,1.13,0.01,0.77,0.6,4.7,0.03,1.42,1.41,1.11,5.83,0.04,1.13,0.01,5.83,0.04,0,0,2.84,0.02,0.58,0.01,0.00%,MAIN,1130976,54709,116,4857291,
3515762,"Malik Davis",,RB,DAL,LAC,147551,,0,0,0,0,0,3.03,11.42,0.15,0.5,0.36,2.86,0.02,2.8,2.79,2.61,14.28,0.17,11.42,0.15,14.28,0.17,0,0.53,7.7,0.06,1.98,0.02,0.02%,MAIN,975028,187724,117,3515762,
1844578,"CeeDee Lamb",,WR,DAL,LAC,147551,,0,0,0,0,0,0.5,2.54,0.01,10.04,6.85,79.9,0.42,18.46,18.43,15,82.44,0.43,2.54,0.01,82.44,0.43,0,10.87,29.72,17.6,46.9,11.74,8.22%,MAIN,1062020,54073,118,1844578,
3491429,"George Pickens",,WR,DAL,LAC,147551,,0,0,0,0,0,0,0,0,8.79,5.57,70.66,0.49,16.08,16.05,13.26,70.66,0.49,0,0,70.66,0.49,0,8.68,27.42,13.56,39.74,8.71,5.69%,MAIN,1172053,93289,119,3491429,
3757806,"KaVontae Turpin",,WR,DAL,LAC,147551,,0,0,0,0,0,0.99,5.03,0.03,1.93,1.3,14.81,0.08,3.93,3.92,3.27,19.84,0.11,5.03,0.03,19.84,0.11,0,0.7,9.86,0.08,8.48,0.3,0.20%,MAIN,865958,62263,120,3757806,
4687579,"Jonathan Mingo",,WR,DAL,LAC,147551,,0,0,0,0,0,0,0,0,0.56,0.3,3.41,0.02,0.76,0.76,0.61,3.41,0.02,0,0,3.41,0.02,0,0,1.52,0,1.02,0.02,0.00%,MAIN,1176782,143483,121,4687579,
6227901,"Ryan Flournoy",,WR,DAL,LAC,147551,,0,0,0,0,0,0,0,0,4.01,2.84,29.96,0.17,6.85,6.83,5.41,29.96,0.17,0,0,29.96,0.17,0,2.71,13.84,1.76,22.66,1.5,0.91%,MAIN,1393832,232691,122,6227901,
3491809,"Jake Ferguson",,TE,DAL,LAC,147551,,0,0,0,0,0,0,0,0,5.04,3.69,31.1,0.36,8.96,8.93,7.08,31.1,0.36,0,0,31.1,0.36,0,3.59,17.36,10.5,33.56,3.18,1.33%,MAIN,1065361,49557,123,3491809,
4687679,"Luke Schoonmaker",,TE,DAL,LAC,147551,,0,0,0,0,0,0,0,0,1.11,0.74,6.27,0.08,1.84,1.83,1.46,6.27,0.08,0,0,6.27,0.08,0,0,3.68,0.36,8.02,0.14,0.05%,MAIN,1130242,55014,124,4687679,
6227896,"Brevyn Spann-Ford",,TE,DAL,LAC,147551,,0,0,0,0,0,0,0,0,0.61,0.41,3.23,0.04,0.97,0.97,0.76,3.23,0.04,0,0,3.23,0.04,0,0,1.94,0.04,3.56,0.06,0.02%,MAIN,1108202,44276,125,6227896,
4947257,"Brandon Aubrey",,K,DAL,LAC,147551,,0,0,0,0,0,0,0,0,0,0,0,0,10.13,10.13,10.13,0,0,0,0,0,0,8.57,4.65,17.27,,,0,0.00%,MAIN,1454349,280333,126,4947257,
18439,"Los Angeles Chargers",,DST,LAC,DAL,147551,,0,0,0,0,0,0,0,0,0,0,0,0,5.73,5.73,5.73,0,0,0,0,0,0,0,0.4,12.8,6.22,39.64,3.94,4.05%,MAIN,357,8488,127,18439,
6227935,"Bo Nix",,QB,DEN,JAC,147553,,35.68,23.25,227.59,1.76,0.7,4.57,19.56,0.27,0,0,0,0,19.3,19.26,19.26,247.15,2.03,247.15,2.03,19.56,0.27,0,12.08,28.56,10.74,55.54,9.11,9.64%,MAIN,1161899,91530,128,6227935,
4773040,"Jaleel McLaughlin",,RB,DEN,JAC,147553,,0,0,0,0,0,4.92,22.33,0.16,0.62,0.49,2.42,0.02,4.03,4.02,3.77,24.75,0.18,22.33,0.16,24.75,0.18,0,1.61,10.61,0.2,6.62,0.1,0.07%,MAIN,1271738,173596,129,4773040,
3491354,"Tyler Badie",,RB,DEN,JAC,147553,,0,0,0,0,0,1.15,4.95,0.04,1.37,0.97,6.08,0.05,2.6,2.58,2.09,11.03,0.09,4.95,0.04,11.03,0.09,0,0.01,7.15,0,1.7,0.04,0.01%,MAIN,1124338,50826,130,3491354,
8223044,"RJ Harvey",,RB,DEN,JAC,147553,,0,0,0,0,0,11.81,51.51,0.51,4.29,3.53,21.84,0.19,15.06,14.98,13.21,73.35,0.7,51.51,0.51,73.35,0.7,0,7.97,24.82,5.8,36.26,8.9,12.71%,MAIN,1172401,132462,131,8223044,
328827,"Courtland Sutton",,WR,DEN,JAC,147553,,0,0,0,0,0,0,0,0,8.82,5.45,62.49,0.51,15.1,15.07,12.34,62.49,0.51,0,0,62.49,0.51,0,7.81,25.82,15.52,49.02,17.49,19.80%,MAIN,838878,40663,132,328827,
4687701,"Marvin Mims",,WR,DEN,JAC,147553,,0,0,0,0,0,0.97,4.27,0.01,2.46,1.68,17.98,0.12,4.67,4.65,3.81,22.25,0.13,4.27,0.01,22.25,0.13,0,1.15,10.94,0.32,11.36,0.74,0.41%,MAIN,1213799,138890,133,4687701,
6227934,"Troy Franklin",,WR,DEN,JAC,147553,,0,0,0,0,0,0.49,1.38,0.01,5.57,3.35,37.54,0.29,9.07,9.05,7.37,38.92,0.3,1.38,0.01,38.92,0.3,0,3.92,17.44,2.9,20.98,1.7,1.10%,MAIN,1286176,170594,134,6227934,
8223043,"Pat Bryant",,WR,DEN,JAC,147553,Q,0,0,0,0,0,0,0,0,4.32,2.72,32.06,0.22,7.29,7.28,5.92,32.06,0.22,0,0,32.06,0.22,0,2.61,14.92,3.6,27.34,4.26,2.84%,MAIN,1305866,170072,135,8223043,
982599,"Lil'Jordan Humphrey",,WR,DEN,JAC,147553,,0,0,0,0,0,0,0,0,1.22,0.81,7.62,0.06,1.93,1.92,1.51,7.62,0.06,0,0,7.62,0.06,0,0,3.86,0,3.8,0.18,0.07%,MAIN,920758,51064,136,982599,
36968,"Evan Engram",,TE,DEN,JAC,147553,,0,0,0,0,0,0,0,0,4.9,3.43,28.31,0.21,7.51,7.48,5.76,28.31,0.21,0,0,28.31,0.21,0,2.94,15.3,8.12,36.62,4.9,3.76%,MAIN,749185,33338,137,36968,
1844770,"Adam Trautman",,TE,DEN,JAC,147553,,0,0,0,0,0,0,0,0,1.73,1.13,10.81,0.08,2.68,2.67,2.1,10.81,0.08,0,0,10.81,0.08,0,0,7.37,0.48,8.26,0.38,0.13%,MAIN,875444,50142,138,1844770,
4773039,"Nate Adkins",,TE,DEN,JAC,147553,,0,0,0,0,0,0,0,0,0.38,0.28,2.11,0.02,0.61,0.61,0.47,2.11,0.02,0,0,2.11,0.02,0,0,1.22,0,1.5,0.02,0.01%,MAIN,1132517,147718,139,4773039,
35411,"Wil Lutz",,K,DEN,JAC,147553,,0,0,0,0,0,0,0,0,0,0,0,0,7.96,7.96,7.96,0,0,0,0,0,0,7.19,3.27,13.96,,,0,0.00%,MAIN,700299,26281,140,35411,
18428,"Jacksonville Jaguars",,DST,JAC,DEN,147553,,0,0,0,0,0,0,0,0,0,0,0,0,4.97,4.97,4.97,0,0,0,0,0,0,0,0.27,11.25,3.92,30.44,1.26,0.62%,MAIN,365,8477,141,18428,
35673,"Jared Goff",,QB,DET,PIT,147556,,32.82,22.65,268.64,2.23,0.57,1.27,1.55,0.02,0,0,0,0,20.25,20.24,20.24,270.19,2.25,270.19,2.25,1.55,0.02,0,12.92,29.44,9.7,53.78,13.54,10.31%,MAIN,727837,29304,142,35673,
982082,"David Montgomery",,RB,DET,PIT,147556,,0,0,0,0,0,7.9,33.33,0.5,1.74,1.34,11.34,0.08,9.25,9.21,8.54,44.67,0.58,33.33,0.5,44.67,0.58,0,3.52,18.6,1.88,19.12,0.7,2.16%,MAIN,946739,63253,143,982082,
4687730,"Jahmyr Gibbs",,RB,DET,PIT,147556,,0,0,0,0,0,15.43,71.84,0.65,7.23,5.53,46.89,0.38,24.51,24.43,21.66,118.73,1.03,71.84,0.65,118.73,1.03,0,15.47,36.23,32.42,67.56,30.79,23.95%,MAIN,1214154,146244,144,4687730,
4715839,"Jacob Saylors",,RB,DET,PIT,147556,,0,0,0,0,0,0.1,0.43,0,0.04,0.03,0.24,0,0.1,0.1,0.08,0.67,0,0.43,0,0.67,0,0,0,0.2,,,0,0.00%,MAIN,1131457,147717,145,4715839,
35608,"Kalif Raymond",,WR,DET,PIT,147556,,0,0,0,0,0,0,0,0,1.31,0.91,10.08,0.09,2.45,2.45,1.99,10.08,0.09,0,0,10.08,0.09,0,0,6.74,0.1,5.56,0.33,0.11%,MAIN,692660,25842,146,35608,
2861659,"Amon-Ra St. Brown",,WR,DET,PIT,147556,,0,0,0,0,0,0.5,2.29,0,10.82,7.62,96.15,0.78,23.7,23.66,19.85,98.44,0.78,2.29,0,98.44,0.78,0,13.46,35.24,38.44,67.94,37.43,25.48%,MAIN,1127106,56173,147,2861659,
3491483,"Jameson Williams",,WR,DET,PIT,147556,,0,0,0,0,0,1,4.57,0.01,7.26,4.45,69.95,0.57,15.77,15.74,13.51,74.52,0.58,4.57,0.01,74.52,0.58,0,7.7,27.6,13.42,40.32,11.08,14.76%,MAIN,1175184,134955,148,3491483,
8223065,"Isaac TeSlaa",,WR,DET,PIT,147556,,0,0,0,0,0,0,0,0,1.53,1.04,13.04,0.11,3,2.99,2.47,13.04,0.11,0,0,13.04,0.11,0,0,8.25,0.18,9.2,0.86,0.24%,MAIN,1441362,258713,149,8223065,
1018905,"Tom Kennedy",,WR,DET,PIT,147556,,0,0,0,0,0,0,0,0,0.08,0.05,0.66,0.01,0.18,0.18,0.15,0.66,0.01,0,0,0.66,0.01,0,0,0.36,0,0.18,0.06,0.01%,MAIN,837087,67701,150,1018905,
36910,"Anthony Firkser",,TE,DET,PIT,147556,,0,0,0,0,0,0,0,0,0.81,0.58,5.68,0.06,1.5,1.5,1.21,5.68,0.06,0,0,5.68,0.06,0,0,3,0.16,5.9,0.14,0.05%,MAIN,767297,33123,151,36910,
2873657,"Shane Zylstra",,TE,DET,PIT,147556,,0,0,0,0,0,0,0,0,1.92,1.35,12.63,0.15,3.5,3.49,2.81,12.63,0.15,0,0,12.63,0.15,0,0,9.63,1.06,12.24,0.74,0.24%,MAIN,1284247,163111,152,2873657,
1844743,"Giovanni Ricci",,TE,DET,PIT,147556,,0,0,0,0,0,0,0,0,0.08,0.05,0.56,0.01,0.17,0.17,0.14,0.56,0.01,0,0,0.56,0.01,0,0,0.34,0,0.7,0.04,0.01%,MAIN,885940,56294,153,1844743,
5072171,"Jake Bates",,K,DET,PIT,147556,,0,0,0,0,0,0,0,0,0,0,0,0,9.94,9.94,9.94,0,0,0,0,0,0,8.59,4.66,16.1,,,0,0.00%,MAIN,1236651,141936,154,5072171,
18438,"Pittsburgh Steelers",,DST,PIT,DET,147556,,0,0,0,0,0,0,0,0,0,0,0,0,3.97,3.97,3.97,0,0,0,0,0,0,0,-0.87,9.93,4.2,31.18,1.26,0.69%,MAIN,356,8487,155,18438,
1844276,"Jordan Love",,QB,GBP,CHI,147545,,30.34,19.65,230.77,1.62,0.54,4.23,12.38,0.11,0,0,0,0,17.44,17.4,17.4,243.15,1.73,243.15,1.73,12.38,0.11,0,10.85,25.81,,,0,0.00%,SAT,912137,49745,156,1844276,
973101,"Josh Jacobs",,RB,GBP,CHI,147545,Q,0,0,0,0,0,16.97,74.98,0.65,2.44,1.8,15.71,0.08,15.78,15.7,14.8,90.69,0.73,74.98,0.65,90.69,0.73,0,8.21,26.57,,,0,0.00%,SAT,944416,63616,157,973101,
4799359,"Emanuel Wilson",,RB,GBP,CHI,147545,,0,0,0,0,0,4.07,17.65,0.13,0.75,0.59,4.03,0.03,3.7,3.69,3.39,21.68,0.16,17.65,0.13,21.68,0.16,0,1.01,10.18,,,0,0.00%,SAT,1447759,265720,158,4799359,
4744672,"Chris Brooks",,RB,GBP,CHI,147545,Q,0,0,0,0,0,1.5,6.34,0.05,1.39,1.01,7.52,0.05,2.98,2.98,2.47,13.86,0.1,6.34,0.05,13.86,0.1,0,0.21,8.2,,,0,0.00%,SAT,1127065,52186,159,4744672,
3491515,"Christian Watson",,WR,GBP,CHI,147545,Q,0,0,0,0,0,0.3,1.83,0.01,6.35,3.74,53.09,0.4,11.92,11.89,10.02,54.92,0.41,1.83,0.01,54.92,0.41,0,5.32,21.85,,,0,0.00%,SAT,1067918,54757,160,3491515,
3491516,"Romeo Doubs",,WR,GBP,CHI,147545,,0,0,0,0,0,0,0,0,3.86,2.42,31.57,0.24,7.05,7.03,5.82,31.57,0.24,0,0,31.57,0.24,0,2.37,15.99,,,0,0.00%,SAT,1122653,54634,161,3491516,
4687753,"Jayden Reed",,WR,GBP,CHI,147545,,0,0,0,0,0,1.2,6.69,0.05,4.87,3.27,38.72,0.31,10.05,10.02,8.38,45.41,0.36,6.69,0.05,45.41,0.36,0,4.4,19.01,,,0,0.00%,SAT,1123398,56280,162,4687753,
4687750,"Dontayvion Wicks",,WR,GBP,CHI,147545,Q,0,0,0,0,0,0,0,0,1.83,1.09,13.67,0.12,3.17,3.17,2.62,13.67,0.12,0,0,13.67,0.12,0,0,8.72,,,0,0.00%,SAT,1172428,116819,163,4687750,
8217102,"Matthew Golden",,WR,GBP,CHI,147545,,0,0,0,0,0,0,0,0,2.44,1.71,21.87,0.15,4.8,4.79,3.93,21.87,0.15,0,0,21.87,0.15,0,0.2,12.02,,,0,0.00%,SAT,1379267,232717,164,8217102,
3491930,"John FitzPatrick",,TE,GBP,CHI,147545,,0,0,0,0,0,0,0,0,2.81,1.94,15.33,0.1,4.06,4.04,3.07,15.33,0.1,0,0,15.33,0.1,0,0.26,10.19,,,0,0.00%,SAT,1131017,58162,165,3491930,
4687754,"Luke Musgrave",,TE,GBP,CHI,147545,,0,0,0,0,0,0,0,0,3.46,2.41,23.46,0.13,5.52,5.5,4.29,23.46,0.13,0,0,23.46,0.13,0,1.71,12.61,,,0,0.00%,SAT,1179790,131320,166,4687754,
6228455,"McCallan Castles",,TE,GBP,CHI,147545,,0,0,0,0,0,0,0,0,0.13,0.08,0.84,0,0.16,0.16,0.12,0.84,0,0,0,0.84,0,0,0,0.32,,,0,0.00%,SAT,1127066,52088,167,6228455,
18228,"Brandon McManus",,K,GBP,CHI,147545,,0,0,0,0,0,0,0,0,0,0,0,0,7.64,7.64,7.64,0,0,0,0,0,0,6.84,3.19,13.66,,,0,0.00%,SAT,513098,5150,168,18228,
18419,"Chicago Bears",,DST,CHI,GBP,147545,,0,0,0,0,0,0,0,0,0,0,0,0,5.04,5.04,5.04,0,0,0,0,0,0,0,0.59,11.55,,,0,0.00%,SAT,326,8468,169,18419,
4687775,"C.J. Stroud",,QB,HOU,LVR,147555,,31.19,19.93,247.25,1.76,0.44,3.52,9.63,0.15,0,0,0,0,18.91,18.87,18.87,256.88,1.91,256.88,1.91,9.63,0.15,0,11.82,27.89,9.12,58.16,8.67,9.05%,MAIN,1214084,134990,170,4687775,
36919,"Dare Ogunbowale",,RB,HOU,LVR,147555,,0,0,0,0,0,1.43,5.14,0.05,0.7,0.48,4.38,0.03,1.9,1.9,1.66,9.52,0.08,5.14,0.05,9.52,0.08,0,0.01,5.23,0,0.92,0.01,0.00%,MAIN,703015,33261,171,36919,
328152,"Nick Chubb",,RB,HOU,LVR,147555,Q,0,0,0,0,0,0.14,0.5,0.01,0.02,0.01,0.12,0,0.13,0.14,0.13,0.62,0.01,0.5,0.01,0.62,0.01,0,0,0.26,,,0,0.00%,MAIN,822857,69339,172,328152,
8228596,"Woody Marks",,RB,HOU,LVR,147555,,0,0,0,0,0,18.52,63.68,0.69,2.21,1.44,14.78,0.1,14.02,13.91,13.19,78.46,0.79,63.68,0.69,78.46,0.79,0,6.48,24.76,4.84,26.98,2.86,4.29%,MAIN,1231652,140070,173,8228596,
6228029,"Jawhar Jordan",,RB,HOU,LVR,147555,,0,0,0,0,0,5.6,22.4,0.21,1.22,0.89,7.37,0.06,5.46,5.44,4.99,29.77,0.27,22.4,0.21,29.77,0.27,0,1.95,13.85,0.24,7.84,0.18,0.09%,MAIN,1164137,126130,174,6228029,
328952,"Christian Kirk",,WR,HOU,LVR,147555,,0,0,0,0,0,0.09,0.31,0,2.03,1.33,16.89,0.11,3.71,3.71,3.04,17.2,0.11,0.31,0,17.2,0.11,0,0.02,10.2,0.34,8.68,0.7,0.28%,MAIN,865801,40550,175,328952,
2861874,"Nico Collins",,WR,HOU,LVR,147555,,0,0,0,0,0,0.18,0.91,0,7.73,5.26,77.04,0.59,17.41,17.37,14.74,77.95,0.59,0.91,0,77.95,0.59,0,9.11,30.71,16.92,44.6,14.01,12.89%,MAIN,1074698,55094,176,2861874,
4687773,"Xavier Hutchinson",,WR,HOU,LVR,147555,,0,0,0,0,0,0.73,3.67,0.02,1.94,1.17,14.54,0.1,3.7,3.69,3.1,18.21,0.12,3.67,0.02,18.21,0.12,0,0.15,10.06,0.2,11.04,0.7,0.28%,MAIN,1213636,144616,177,4687773,
8223113,"Jaylin Noel",,WR,HOU,LVR,147555,,0,0,0,0,0,0.36,0.62,0.01,1.68,1.18,13.58,0.09,3.2,3.2,2.61,14.2,0.1,0.62,0.01,14.2,0.1,0,0.01,8.8,0.52,12.82,0.6,0.18%,MAIN,1286370,170855,178,8223113,
8223114,"Jayden Higgins",,WR,HOU,LVR,147555,,0,0,0,0,0,0,0,0,5.47,3.43,41.69,0.29,9.42,9.4,7.68,41.69,0.29,0,0,41.69,0.29,0,4.04,18.11,5.8,32.64,5.63,6.96%,MAIN,1274492,176220,179,8223114,
328583,"Dalton Schultz",,TE,HOU,LVR,147555,,0,0,0,0,0,0,0,0,6.48,4.36,47.93,0.31,11.07,11.03,8.85,47.93,0.31,0,0,47.93,0.31,0,5.23,20.36,10.2,35.82,8.24,7.45%,MAIN,830523,40358,180,328583,
1844156,"Harrison Bryant",,TE,HOU,LVR,147555,,0,0,0,0,0,0,0,0,0.09,0.06,0.61,0,0.12,0.12,0.09,0.61,0,0,0,0.61,0,0,0,0.24,,,0.02,0.01%,MAIN,916467,48915,181,1844156,
6228030,"Cade Stover",,TE,HOU,LVR,147555,,0,0,0,0,0,0,0,0,1.62,1.13,9.21,0.08,2.52,2.51,1.94,9.21,0.08,0,0,9.21,0.08,0,0,6.68,0.18,5.78,0.22,0.07%,MAIN,1175182,134970,182,6228030,
35506,"Ka'imi Fairbairn",,K,HOU,LVR,147555,,0,0,0,0,0,0,0,0,0,0,0,0,9.42,9.42,9.42,0,0,0,0,0,0,8.21,4.19,15.93,,,0,0.00%,MAIN,691032,25821,183,35506,
18436,"Las Vegas Raiders",,DST,LVR,HOU,147555,,0,0,0,0,0,0,0,0,0,0,0,0,5.07,5.07,5.07,0,0,0,0,0,0,0,-0.18,11.56,3.14,31,4.66,5.50%,MAIN,341,8485,184,18436,
11603,"Philip Rivers",,QB,IND,SFO,147558,,27.03,18.11,160.76,1.17,0.51,0.33,0.59,0.03,0,0,0,0,10.85,10.85,10.85,161.35,1.2,161.35,1.2,0.59,0.03,0,5.64,17.23,,,0,0.00%,MNF,246054,,185,11603,
21604,"Ameer Abdullah",,RB,IND,SFO,147558,,0,0,0,0,0,2.99,10.53,0.06,1.19,0.91,5.74,0.01,2.94,2.92,2.46,16.27,0.07,10.53,0.06,16.27,0.07,0,0.63,6.94,,,0,0.00%,MNF,590796,8542,186,21604,
1844485,"Jonathan Taylor",,RB,IND,SFO,147558,,0,0,0,0,0,24.6,98.19,0.92,4.13,3.11,20.96,0.05,22.51,22.4,20.84,119.15,0.97,98.19,0.92,119.15,0.97,0,13.73,33.7,,,0,0.00%,MNF,1065406,49574,187,1844485,
3491514,"Tyler Goodson",,RB,IND,SFO,147558,,0,0,0,0,0,0.84,2.72,0.02,0.2,0.14,0.73,0,0.6,0.6,0.53,3.45,0.02,2.72,0.02,3.45,0.02,0,0,1.2,,,0,0.00%,MNF,1168918,93098,188,3491514,
35473,"Laquon Treadwell",,WR,IND,SFO,147558,,0,0,0,0,0,0,0,0,0.23,0.15,1.4,0.01,0.35,0.35,0.27,1.4,0.01,0,0,1.4,0.01,0,0,0.7,,,0,0.00%,MNF,748554,26086,189,35473,
1844489,"Michael Pittman",,WR,IND,SFO,147558,,0,0,0,0,0,0,0,0,5.16,3.5,31.43,0.26,8.2,8.19,6.44,31.43,0.26,0,0,31.43,0.26,0,3.32,16.04,,,0,0.00%,MNF,911348,56170,190,1844489,
3491723,"Alec Pierce",,WR,IND,SFO,147558,,0,0,0,0,0,0,0,0,4.61,2.57,33.32,0.23,7.29,7.28,5.99,33.32,0.23,0,0,33.32,0.23,0,2.66,15.38,,,0,0.00%,MNF,1107027,45282,191,3491723,
4687801,"Josh Downs",,WR,IND,SFO,147558,,0,0,0,0,0,0,0,0,3.79,2.58,22.32,0.19,5.95,5.93,4.64,22.32,0.19,0,0,22.32,0.19,0,2.12,13.26,,,0,0.00%,MNF,1215077,137663,192,4687801,
6228063,"Anthony Gould",,WR,IND,SFO,147558,O,0,0,0,0,0,0,0,0,0.33,0.21,1.81,0.02,0.51,0.51,0.4,1.81,0.02,0,0,1.81,0.02,0,0,1.02,,,0,0.00%,MNF,1161661,131338,193,6228063,
36928,"Mo Alie-Cox",,TE,IND,SFO,147558,,0,0,0,0,0,0,0,0,0.65,0.39,3.52,0.03,0.92,0.92,0.72,3.52,0.03,0,0,3.52,0.03,0,0,1.84,,,0,0.00%,MNF,712506,33588,194,36928,
3491722,"Andrew Ogletree",,TE,IND,SFO,147558,,0,0,0,0,0,0,0,0,0.44,0.26,2.43,0.02,0.62,0.62,0.49,2.43,0.02,0,0,2.43,0.02,0,0,1.24,,,0,0.00%,MNF,1271740,173572,195,3491722,
8217153,"Tyler Warren",,TE,IND,SFO,147558,,0,0,0,0,0,0.4,0.54,0,6.29,4.61,38.5,0.35,10.6,10.56,8.25,39.04,0.35,0.54,0,39.04,0.35,0,5.06,19.76,,,0,0.00%,MNF,1229083,137548,196,8217153,
4688036,"Blake Grupe",,K,IND,SFO,147558,,0,0,0,0,0,0,0,0,0,0,0,0,7.85,7.85,7.85,0,0,0,0,0,0,6.87,3.14,14.11,,,0,0.00%,MNF,n/a,69320,197,4688036,
18440,"San Francisco 49ers",,DST,SFO,IND,147558,,0,0,0,0,0,0,0,0,0,0,0,0,6.7,6.7,6.7,0,0,0,0,0,0,0,1.42,14.44,,,0,0.00%,MNF,359,8489,198,18440,
2861939,"Trevor Lawrence",,QB,JAC,DEN,147553,,33.39,20.83,225.21,1.43,0.68,6.27,19.46,0.19,0,0,0,0,17.43,17.38,17.38,244.67,1.62,244.67,1.62,19.46,0.19,0,10.86,25.99,5.82,45.92,2.44,2.48%,MAIN,1110711,50547,199,2861939,
2861937,"Travis Etienne",,RB,JAC,DEN,147553,,0,0,0,0,0,16.71,62.1,0.54,3.8,2.72,19.94,0.11,15.36,15.28,13.92,82.04,0.65,62.1,0.54,82.04,0.65,0,8.23,25.68,9.24,38,6.38,5.86%,MAIN,978577,50434,200,2861937,
8228649,"LeQuint Allen",,RB,JAC,DEN,147553,,0,0,0,0,0,3.16,9.13,0.1,1.15,0.8,5.47,0.03,3.02,2.99,2.59,14.6,0.13,9.13,0.1,14.6,0.13,0,0.33,8.31,0.1,2.72,0.06,0.01%,MAIN,1378840,235590,201,8228649,
1849843,"DeeJay Dallas",,RB,JAC,DEN,147553,,0,0,0,0,0,0.11,0.43,0,0.09,0.07,0.45,0,0.16,0.16,0.12,0.88,0,0.43,0,0.88,0,0,0,0.32,,,0,0.00%,MAIN,976309,52423,202,1849843,
982261,"Jakobi Meyers",,WR,JAC,DEN,147553,,0,0,0,0,0,0.18,0.67,0.01,6.95,4.45,47.48,0.37,11.62,11.6,9.37,48.15,0.38,0.67,0.01,48.15,0.38,0,5.43,20.99,4.92,28.8,3.74,3.55%,MAIN,880151,53528,203,982261,
2862095,"Dyami Brown",,WR,JAC,DEN,147553,,0,0,0,0,0,0,0,0,0.21,0.12,1.39,0.01,0.32,0.32,0.26,1.39,0.01,0,0,1.39,0.01,0,0,0.64,0,0.34,0.04,0.01%,MAIN,1107878,51950,204,2862095,
4687830,"Parker Washington",,WR,JAC,DEN,147553,,0,0,0,0,0,0.36,0.55,0.03,4.28,2.67,29.06,0.23,7.2,7.18,5.84,29.61,0.26,0.55,0.03,29.61,0.26,0,2.58,15.85,2.12,17.02,1.08,0.89%,MAIN,1229074,137499,205,4687830,
6228100,"Brian Thomas",,WR,JAC,DEN,147553,,0,0,0,0,0,0,0,0,6.43,3.81,52.03,0.34,11.28,11.26,9.35,52.03,0.34,0,0,52.03,0.34,0,4.76,21.31,7.74,29.64,4.75,7.36%,MAIN,1286064,169826,206,6228100,
36825,"Tim Patrick",,WR,JAC,DEN,147553,,0,0,0,0,0,0,0,0,1.85,1.15,13.54,0.1,3.1,3.09,2.51,13.54,0.1,0,0,13.54,0.1,0,0,8.53,0.1,6.12,0.2,0.08%,MAIN,838179,33718,207,36825,
37055,"Johnny Mundt",,TE,JAC,DEN,147553,,0,0,0,0,0,0,0,0,0.61,0.41,3.49,0.02,0.87,0.88,0.67,3.49,0.02,0,0,3.49,0.02,0,0,1.74,0.04,1.94,0.03,0.01%,MAIN,740704,33799,208,37055,
2861751,"Quintin Morris",,TE,JAC,DEN,147553,,0,0,0,0,0,0,0,0,1.23,0.83,7.64,0.03,1.77,1.76,1.34,7.64,0.03,0,0,7.64,0.03,0,0,3.54,0.1,3.74,0.13,0.04%,MAIN,1059680,50431,209,2861751,
4687831,"Brenton Strange",,TE,JAC,DEN,147553,,0,0,0,0,0,0,0,0,6.79,4.51,44.81,0.19,10.28,10.24,7.98,44.81,0.19,0,0,44.81,0.19,0,4.78,18.39,14.96,40.48,8.64,4.95%,MAIN,1164940,137486,210,4687831,
6228098,"Cam Little",,K,JAC,DEN,147553,,0,0,0,0,0,0,0,0,0,0,0,0,8.24,8.24,8.24,0,0,0,0,0,0,7.16,3.3,14.82,,,0,0.00%,MAIN,1290109,169682,211,6228098,
18423,"Denver Broncos",,DST,DEN,JAC,147553,,0,0,0,0,0,0,0,0,0,0,0,0,6.84,6.84,6.84,0,0,0,0,0,0,0,1.93,13.47,5.28,34.7,3.52,3.12%,MAIN,332,8472,212,18423,
982379,"Gardner Minshew",,QB,KCC,TEN,147548,,34.29,21.98,222.8,1.22,0.71,3.52,8.67,0.13,0,0,0,0,15,14.96,14.96,231.47,1.35,231.47,1.35,8.67,0.13,0,9.2,23.19,2.9,45.88,4.38,3.75%,MAIN,867303,87874,213,982379,
37015,"Kareem Hunt",,RB,KCC,TEN,147548,,0,0,0,0,0,9.09,40.24,0.34,2.19,1.61,10.71,0.05,9.03,8.99,8.18,50.95,0.39,40.24,0.34,50.95,0.39,0,4.29,17.79,1.12,15.68,0.67,0.61%,MAIN,746613,33502,214,37015,
3492074,"Isiah Pacheco",,RB,KCC,TEN,147548,,0,0,0,0,0,9.06,45.05,0.27,1.59,1.2,7.92,0.04,8.43,8.39,7.79,52.97,0.31,45.05,0.27,52.97,0.31,0,4.33,16.44,2.78,23.42,1.46,0.60%,MAIN,1106832,49143,215,3492074,
8228671,"Brashard Smith",,RB,KCC,TEN,147548,,0,0,0,0,0,1.95,8.28,0.06,2.8,1.9,15.59,0.06,4.99,4.96,4.01,23.87,0.12,8.28,0.06,23.87,0.12,0,1.53,10.74,0.2,7.78,0.08,0.06%,MAIN,1313668,167132,216,8228671,
36849,"JuJu Smith-Schuster",,WR,KCC,TEN,147548,,0,0,0,0,0,0,0,0,2.19,1.42,15.36,0.08,3.44,3.43,2.72,15.36,0.08,0,0,15.36,0.08,0,0.01,8.87,0.3,9.92,0.5,0.23%,MAIN,835909,33489,217,36849,
972489,"Marquise Brown",,WR,KCC,TEN,147548,Q,0,0,0,0,0,0,0,0,6.47,4.2,45.43,0.23,10.25,10.23,8.13,45.43,0.23,0,0,45.43,0.23,0,4.85,18.41,7.12,40.76,8.21,8.49%,MAIN,976220,54068,218,972489,
6228136,"Xavier Worthy",,WR,KCC,TEN,147548,,0,0,0,0,0,1.38,9.6,0.04,7.62,4.5,46.46,0.29,12.16,12.13,9.88,56.06,0.33,9.6,0.04,56.06,0.33,0,6.32,20.38,10.32,45.34,13.77,16.20%,MAIN,1326638,170960,219,6228136,
8228672,"Jalen Royals",,WR,KCC,TEN,147548,,0,0,0,0,0,0,0,0,1.93,1.15,13.63,0.07,2.93,2.93,2.35,13.63,0.07,0,0,13.63,0.07,0,0,8.06,0.22,8.38,0.23,0.08%,MAIN,1403491,237270,220,8228672,
18314,"Travis Kelce",,TE,KCC,TEN,147548,,0,0,0,0,0,0,0,0,6.21,4.29,44.43,0.26,10.39,10.35,8.2,44.43,0.26,0,0,44.43,0.26,0,4.73,18.94,10.92,30.3,2.87,2.12%,MAIN,448240,4377,221,18314,
36860,"Robert Tonyan",,TE,KCC,TEN,147548,,0,0,0,0,0,0,0,0,0.03,0.02,0.2,0,0.04,0.04,0.03,0.2,0,0,0,0.2,0,0,0,0.08,,,0.01,0.00%,MAIN,660151,33660,222,36860,
2862275,"Noah Gray",,TE,KCC,TEN,147548,,0,0,0,0,0,0,0,0,3.26,2.26,20.56,0.14,5.14,5.12,3.99,20.56,0.14,0,0,20.56,0.14,0,1.44,11.88,2.12,18.74,0.84,0.33%,MAIN,1056981,56417,223,2862275,
36996,"Harrison Butker",,K,KCC,TEN,147548,,0,0,0,0,0,0,0,0,0,0,0,0,7.5,7.5,7.5,0,0,0,0,0,0,6.72,2.74,13.57,,,0,0.00%,MAIN,748560,33366,224,36996,
18444,"Tennessee Titans",,DST,TEN,KCC,147548,,0,0,0,0,0,0,0,0,0,0,0,0,6.57,6.57,6.57,0,0,0,0,0,0,0,2.28,11.84,7.3,46.68,4.82,3.55%,MAIN,336,8493,225,18444,
1849725,"Justin Herbert",,QB,LAC,DAL,147551,,32.22,21.06,242.08,1.69,0.48,3.99,14.97,0.15,0,0,0,0,18.75,18.71,18.71,257.05,1.84,257.05,1.84,14.97,0.15,0,12.08,26.59,7.3,55.9,6.78,4.56%,MAIN,910562,63756,226,1849725,
3491783,"Hassan Haskins",,RB,LAC,DAL,147551,,0,0,0,0,0,1.49,4.96,0.05,0.1,0.08,0.59,0,0.93,0.92,0.88,5.55,0.05,4.96,0.05,5.55,0.05,0,-0.13,2.56,0,0.16,0,0.00%,MAIN,1130230,55008,227,3491783,
6228203,"Kimani Vidal",,RB,LAC,DAL,147551,,0,0,0,0,0,9.22,38.11,0.31,2.14,1.48,15.56,0.1,9.29,9.25,8.51,53.67,0.41,38.11,0.31,53.67,0.41,0,4.26,18.22,1.66,16.94,0.82,0.48%,MAIN,1214824,139628,228,6228203,
8217247,"Omarion Hampton",,RB,LAC,DAL,147551,,0,0,0,0,0,13.37,62.13,0.55,1.94,1.52,11.19,0.09,13.2,13.11,12.35,73.32,0.64,62.13,0.55,73.32,0.64,0,6.52,23.15,9.8,42.04,7.18,6.02%,MAIN,1398572,237833,229,8217247,
16569,"Keenan Allen",,WR,LAC,DAL,147551,,0,0,0,0,0,0,0,0,5.49,3.78,40.13,0.32,9.76,9.74,7.85,40.13,0.32,0,0,40.13,0.32,0,4.46,18.09,5.9,31.22,5.16,2.47%,MAIN,557210,1013,230,16569,
4687909,"Quentin Johnston",,WR,LAC,DAL,147551,Q,0,0,0,0,0,0,0,0,5.83,3.51,42.59,0.29,9.56,9.55,7.79,42.59,0.29,0,0,42.59,0.29,0,4.28,17.53,5.5,29.96,7.6,2.92%,MAIN,1213865,143999,231,4687909,
6228204,"Ladd McConkey",,WR,LAC,DAL,147551,,0,0,0,0,0,0,0,0,7.04,4.6,52.75,0.34,12.15,12.12,9.82,52.75,0.34,0,0,52.75,0.34,0,6.1,21.17,8.14,33.92,4.56,3.17%,MAIN,1218643,141410,232,6228204,
8223234,"Tre Harris",,WR,LAC,DAL,147551,,0,0,0,0,0,0,0,0,3.49,2.37,26.55,0.17,6.04,6.03,4.84,26.55,0.17,0,0,26.55,0.17,0,2.03,12.76,1.54,22.26,1.68,5.08%,MAIN,1214633,142637,233,8223234,
8228726,"KeAndre Lambert-Smith",,WR,LAC,DAL,147551,,0,0,0,0,0,0.43,1.64,0,0.4,0.23,3.05,0.02,0.81,0.82,0.7,4.69,0.02,1.64,0,4.69,0.02,0,0,1.62,0,0.52,0.04,0.01%,MAIN,1214405,137511,234,8228726,
328304,"Tyler Conklin",,TE,LAC,DAL,147551,,0,0,0,0,0,0,0,0,0.33,0.22,2.18,0.02,0.56,0.55,0.44,2.18,0.02,0,0,2.18,0.02,0,0,1.12,0.02,1.68,0.04,0.01%,MAIN,861278,40464,235,328304,
329037,"Will Dissly",,TE,LAC,DAL,147551,,0,0,0,0,0,0,0,0,0.66,0.49,4.73,0.04,1.2,1.2,0.95,4.73,0.04,0,0,4.73,0.04,0,0,2.4,0.04,3.92,0.07,0.02%,MAIN,837806,40877,236,329037,
8228725,"Oronde Gadsden",,TE,LAC,DAL,147551,,0,0,0,0,0,0,0,0,4.81,3.46,41.74,0.3,9.47,9.43,7.7,41.74,0.3,0,0,41.74,0.3,0,3.99,18.34,9.02,32.64,3.47,4.64%,MAIN,1325624,167146,237,8228725,
3884062,"Cameron Dicker",,K,LAC,DAL,147551,,0,0,0,0,0,0,0,0,0,0,0,0,8.89,8.89,8.89,0,0,0,0,0,0,7.73,3.88,15.16,,,0,0.00%,MAIN,1125872,51047,238,3884062,
18422,"Dallas Cowboys",,DST,DAL,LAC,147551,,0,0,0,0,0,0,0,0,0,0,0,0,6.58,6.58,6.58,0,0,0,0,0,0,0,0.31,14.52,4.26,30.66,4.22,8.44%,MAIN,331,8471,239,18422,
11613,"Matthew Stafford",,QB,LAR,SEA,147543,,31.41,20.43,231.41,1.41,0.48,1.23,1.15,0.03,0,0,0,0,15.1,15.09,15.09,232.56,1.44,232.56,1.44,1.15,0.03,0,9.23,23.09,,,0,0.00%,THURS,323205,6957,240,11613,
3492191,"Kyren Williams",,RB,LAR,SEA,147543,,0,0,0,0,0,14.51,56.45,0.54,2.17,1.62,11.56,0.08,12.27,12.22,11.41,68.01,0.62,56.45,0.54,68.01,0.62,0,6.14,21.94,,,0,0.00%,THURS,1167361,119535,241,3492191,
6228231,"Blake Corum",,RB,LAR,SEA,147543,,0,0,0,0,0,9.93,41.14,0.31,0.96,0.63,4.43,0.03,7.22,7.19,6.87,45.57,0.34,41.14,0.31,45.57,0.34,0,3.34,15.8,,,0,0.00%,THURS,1229540,139489,242,6228231,
3504123,"Ronnie Rivers",,RB,LAR,SEA,147543,,0,0,0,0,0,0.15,0.52,0.01,0.02,0.02,0.11,0,0.14,0.14,0.13,0.63,0.01,0.52,0.01,0.63,0.01,0,0,0.28,,,0,0.00%,THURS,976804,64709,243,3504123,
2862399,"Tutu Atwell",,WR,LAR,SEA,147543,,0,0,0,0,0,0,0,0,1.96,1.16,16.01,0.1,3.36,3.35,2.77,16.01,0.1,0,0,16.01,0.1,0,0,9.24,,,0,0.00%,THURS,1106760,61306,244,2862399,
4687933,"Puka Nacua",,WR,LAR,SEA,147543,,0,0,0,0,0,1.02,5.08,0.04,9.48,6.86,86.22,0.47,20.14,20.09,16.66,91.3,0.51,5.08,0.04,91.3,0.51,0,11.76,32.06,,,0,0.00%,THURS,1162128,93290,245,4687933,
4716168,"Xavier Smith",,WR,LAR,SEA,147543,,0,0,0,0,0,0,0,0,0.92,0.63,7.24,0.05,1.65,1.65,1.33,7.24,0.05,0,0,7.24,0.05,0,0,3.3,,,0,0.00%,THURS,1137635,131122,246,4716168,
6228229,"Jordan Whittington",,WR,LAR,SEA,147543,,0,0,0,0,0,0.13,0.53,0.01,0.66,0.47,4.73,0.01,1.11,1.11,0.87,5.26,0.02,0.53,0.01,5.26,0.02,0,0,2.22,,,0,0.00%,THURS,1163273,91547,247,6228229,
8228750,"Konata Mumpfield",,WR,LAR,SEA,147543,,0,0,0,0,0,0,0,0,3.54,2.16,22.37,0.18,5.46,5.45,4.37,22.37,0.18,0,0,22.37,0.18,0,1.8,12.99,,,0,0.00%,THURS,1289332,168149,248,8228750,
1849846,"Colby Parkinson",,TE,LAR,SEA,147543,,0,0,0,0,0,0,0,0,6.04,4.14,38.96,0.27,9.74,9.7,7.63,38.96,0.27,0,0,38.96,0.27,0,4.34,17.7,,,0,0.00%,THURS,1060312,42579,249,1849846,
4687936,"Davis Allen",,TE,LAR,SEA,147543,,0,0,0,0,0,0,0,0,2.44,1.68,15.9,0.1,3.86,3.85,3.01,15.9,0.1,0,0,15.9,0.1,0,0.15,10.01,,,0,0.00%,THURS,1161664,136894,250,4687936,
8223257,"Terrance Ferguson",,TE,LAR,SEA,147543,,0,0,0,0,0,0,0,0,3.22,1.78,22.01,0.13,4.75,4.73,3.84,22.01,0.13,0,0,22.01,0.13,0,0.31,11.75,,,0,0.00%,THURS,1286179,170588,251,8223257,
6227784,"Harrison Mevis",,K,LAR,SEA,147543,,0,0,0,0,0,0,0,0,0,0,0,0,7.72,7.72,7.72,0,0,0,0,0,0,6.83,3.04,13.9,,,0,0.00%,THURS,1213389,137052,252,6227784,
18441,"Seattle Seahawks",,DST,SEA,LAR,147543,,0,0,0,0,0,0,0,0,0,0,0,0,6.14,6.14,6.14,0,0,0,0,0,0,0,1.08,12.75,,,0,0.00%,THURS,361,8490,253,18441,
16557,"Geno Smith",,QB,LVR,HOU,147555,,32.16,19.53,188.64,0.67,0.83,2.97,7.5,0.04,0,0,0,0,10.45,10.41,10.41,196.14,0.71,196.14,0.71,7.5,0.04,0,6.36,16.39,0.16,19.18,0.15,0.10%,MAIN,513856,6816,254,16557,
21702,"Raheem Mostert",,RB,LVR,HOU,147555,,0,0,0,0,0,1.27,5.53,0.02,0.96,0.68,4.61,0.01,1.87,1.86,1.52,10.14,0.03,5.53,0.02,10.14,0.03,0,0,5.14,0,0.42,0,0.00%,MAIN,606501,8709,255,21702,
6228165,"Dylan Laube",,RB,LVR,HOU,147555,,0,0,0,0,0,0.8,3.07,0.02,0.12,0.08,0.55,0,0.56,0.55,0.51,3.62,0.02,3.07,0.02,3.62,0.02,0,0,1.12,0,0.04,0,0.00%,MAIN,1122182,133963,256,6228165,
8217222,"Ashton Jeanty",,RB,LVR,HOU,147555,,0,0,0,0,0,13.56,53.4,0.27,5.83,4.25,22.76,0.09,14.18,14.08,11.95,76.16,0.36,53.4,0.27,76.16,0.36,0,8.35,23.03,5.44,41.02,10.81,11.86%,MAIN,1379646,238380,257,8217222,
21808,"Tyler Lockett",,WR,LVR,HOU,147555,Q,0,0,0,0,0,0,0,0,2.43,1.52,15.17,0.06,3.39,3.38,2.62,15.17,0.06,0,0,15.17,0.06,0,0.04,8.51,0,5.68,0.11,0.08%,MAIN,605242,8687,258,21808,
4715836,"Shedrick Jackson",,WR,LVR,HOU,147555,,0,0,0,0,0,0,0,0,1.01,0.58,5.83,0.02,1.28,1.28,0.99,5.83,0.02,0,0,5.83,0.02,0,0,2.56,0,0.66,0,0.00%,MAIN,1114364,61665,259,4715836,
4687881,"Tre Tucker",,WR,LVR,HOU,147555,,0,0,0,0,0,0.46,2.72,0.01,4.8,2.7,33.53,0.11,7.1,7.08,5.73,36.25,0.12,2.72,0.01,36.25,0.12,0,2.75,13.67,2.54,20.94,1.18,0.83%,MAIN,1164979,133802,260,4687881,
8223208,"Jack Bech",,WR,LVR,HOU,147555,,0,0,0,0,0,0.02,0.08,0,4.05,2.69,27.8,0.09,6.03,6.02,4.67,27.88,0.09,0.08,0,27.88,0.09,0,2.15,12.22,0.82,20.38,1.05,1.20%,MAIN,1286046,169823,261,8223208,
8228700,"Dont'e Thornton",,WR,LVR,HOU,147555,,0,0,0,0,0,0,0,0,1.36,0.58,6.53,0.03,1.41,1.41,1.12,6.53,0.03,0,0,6.53,0.03,0,0,2.82,0,1.58,0.07,0.02%,MAIN,1286164,170558,262,8228700,
328735,"Ian Thomas",,TE,LVR,HOU,147555,Q,0,0,0,0,0,0,0,0,0.27,0.17,1.47,0.01,0.38,0.38,0.29,1.47,0.01,0,0,1.47,0.01,0,0,0.76,0,0.68,0.01,0.00%,MAIN,943093,40825,263,328735,
4687882,"Michael Mayer",,TE,LVR,HOU,147555,,0,0,0,0,0,0,0,0,2.82,1.77,17.03,0.06,3.82,3.81,2.92,17.03,0.06,0,0,17.03,0.06,0,0.07,9.19,0.38,8.98,0.33,0.16%,MAIN,1232592,138618,264,4687882,
6228166,"Brock Bowers",,TE,LVR,HOU,147555,,0,0,0,0,0,0.26,0.56,0,8.52,5.57,62.23,0.19,13.24,13.19,10.4,62.79,0.19,0.56,0,62.79,0.19,0,6.87,23.24,8.86,29.86,4.09,2.75%,MAIN,1285917,169466,265,6228166,
328307,"Daniel Carlson",,K,LVR,HOU,147555,,0,0,0,0,0,0,0,0,0,0,0,0,6.53,6.53,6.53,0,0,0,0,0,0,5.56,1.57,13.37,,,0,0.00%,MAIN,744439,40450,266,328307,
18426,"Houston Texans",,DST,HOU,LVR,147555,,0,0,0,0,0,0,0,0,0,0,0,0,11.14,11.14,11.14,0,0,0,0,0,0,0,6.14,17.29,12.06,55.16,14.15,12.22%,MAIN,325,8475,267,18426,
8228771,"Quinn Ewers",,QB,MIA,CIN,147557,,29,17.11,181.29,1.36,0.7,3.92,7.06,0.07,0,0,0,0,13.22,13.18,13.18,188.35,1.43,188.35,1.43,7.06,0.07,0,7.1,21.6,1.54,37.94,1.82,3.57%,MAIN,1333868,169975,268,8228771,
1001990,"Alec Ingold",,RB,MIA,CIN,147557,,0,0,0,0,0,0.1,0.17,0,0.27,0.18,1.51,0.01,0.41,0.4,0.31,1.68,0.01,0.17,0,1.68,0.01,0,0,0.82,0,0.22,0,0.00%,MAIN,880322,49575,269,1001990,
4687954,"Devon Achane",,RB,MIA,CIN,147557,,0,0,0,0,0,15,77.57,0.58,5.67,3.87,28.15,0.22,20.05,19.98,18.04,105.72,0.8,77.57,0.58,105.72,0.8,0,11.41,31.18,19.82,46.32,10.53,8.16%,MAIN,1231820,146167,270,4687954,
6228261,"Jaylen Wright",,RB,MIA,CIN,147557,,0,0,0,0,0,3.42,14.17,0.13,1.11,0.64,4.63,0.04,3.53,3.51,3.19,18.8,0.17,14.17,0.13,18.8,0.17,0,0.84,9.71,0.04,3.08,0.02,0.02%,MAIN,1286513,169876,271,6228261,
8228772,"Ollie Gordon",,RB,MIA,CIN,147557,,0,0,0,0,0,3.48,15.92,0.14,0.4,0.25,1.81,0.02,2.97,2.95,2.82,17.73,0.16,15.92,0.14,17.73,0.16,0,0.85,8.17,0.3,4.3,0.07,0.02%,MAIN,1377766,234897,272,8228772,
328586,"Cedrick Wilson",,WR,MIA,CIN,147557,,0,0,0,0,0,0,0,0,0.26,0.16,1.95,0.02,0.47,0.47,0.39,1.95,0.02,0,0,1.95,0.02,0,0,0.94,0.02,0.74,0.02,0.00%,MAIN,912061,40364,273,328586,
2184953,"Nick Westbrook-Ikhine",,WR,MIA,CIN,147557,,0,0,0,0,0,0,0,0,0.84,0.48,6.13,0.05,1.39,1.39,1.15,6.13,0.05,0,0,6.13,0.05,0,0,2.78,0.02,2.08,0.04,0.01%,MAIN,883259,47096,274,2184953,
2861778,"Jaylen Waddle",,WR,MIA,CIN,147557,,0,0,0,0,0,0.08,0.43,0,7.81,4.75,56.56,0.44,13.27,13.25,10.87,56.99,0.44,0.43,0,56.99,0.44,0,6.05,24.85,4.64,17.74,3.36,4.83%,MAIN,1125749,63612,275,2861778,
2862461,"Dee Eskridge",,WR,MIA,CIN,147557,,0,0,0,0,0,0,0,0,0.13,0.07,0.71,0.01,0.2,0.21,0.17,0.71,0.01,0,0,0.71,0.01,0,0,0.4,0,0.2,0.01,0.00%,MAIN,926280,56289,276,2862461,
6228260,"Malik Washington",,WR,MIA,CIN,147557,,0,0,0,0,0,0.62,3.83,0.01,3.71,2.35,20.26,0.21,6.11,6.09,4.91,24.09,0.22,3.83,0.01,24.09,0.22,0,1.93,14.79,2.42,19.1,1.72,1.73%,MAIN,1173255,139165,277,6228260,
21556,"Darren Waller",,TE,MIA,CIN,147557,,0,0,0,0,0,0,0,0,5.38,3.21,36.02,0.21,8.15,8.12,6.51,36.02,0.21,0,0,36.02,0.21,0,2.8,17.25,7.7,25.24,6.3,6.15%,MAIN,600191,8780,278,21556,
3492045,"Greg Dulcich",,TE,MIA,CIN,147557,,0,0,0,0,0,0,0,0,2.42,1.43,16.01,0.1,3.64,3.63,2.91,16.01,0.1,0,0,16.01,0.1,0,0,10.01,1.46,12.72,0.58,0.65%,MAIN,1128085,146096,279,3492045,
4744671,"Julian Hill",,TE,MIA,CIN,147557,,0,0,0,0,0,0,0,0,0.99,0.62,5.13,0.04,1.37,1.37,1.06,5.13,0.04,0,0,5.13,0.04,0,0,2.74,0.3,4.04,0.12,0.04%,MAIN,1123630,133131,280,4744671,
2861728,"Riley Patterson",,K,MIA,CIN,147557,,0,0,0,0,0,0,0,0,0,0,0,0,8.01,8.01,8.01,0,0,0,0,0,0,7.12,3.2,14.09,,,0,0.00%,MAIN,1065025,47546,281,2861728,
18420,"Cincinnati Bengals",,DST,CIN,MIA,147557,,0,0,0,0,0,0,0,0,0,0,0,0,6.46,6.46,6.46,0,0,0,0,0,0,0,2.02,12.2,8.52,45.44,6.02,5.93%,MAIN,327,8469,282,18420,
6228291,"J.J. McCarthy",,QB,MIN,NYG,147550,,31.44,18.78,197.38,1.45,1.05,6.08,23.16,0.22,0,0,0,0,16.36,16.29,16.29,220.54,1.67,220.54,1.67,23.16,0.22,0,9.77,25.1,3.6,47.2,6.06,6.71%,MAIN,1287599,170355,283,6228291,
36871,"Aaron Jones",,RB,MIN,NYG,147550,,0,0,0,0,0,9.52,53.68,0.46,4.51,3.19,20.68,0.11,14.16,14.13,12.53,74.36,0.57,53.68,0.46,74.36,0.57,0,7.63,23,7.7,45.64,13.3,19.24%,MAIN,741314,33090,284,36871,
3492222,"Jordan Mason",,RB,MIN,NYG,147550,,0,0,0,0,0,8.64,47.65,0.41,0.79,0.59,3.34,0.02,8.41,8.38,8.08,50.99,0.43,47.65,0.41,50.99,0.43,0,4,17.06,2.26,20.26,0.91,0.47%,MAIN,1116001,66046,285,3492222,
35471,"C.J. Ham",,RB,MIN,NYG,147550,,0,0,0,0,0,0.11,0.5,0.01,0.03,0.02,0.14,0,0.14,0.14,0.13,0.64,0.01,0.5,0.01,0.64,0.01,0,0,0.28,,,0,0.00%,MAIN,915397,25869,286,35471,
1844306,"Justin Jefferson",,WR,MIN,NYG,147550,,0,0,0,0,0,0.02,0.05,0,8.34,5.38,59.43,0.44,14.26,14.24,11.55,59.48,0.44,0.05,0,59.48,0.44,0,7.2,25.18,8.74,35.62,9.14,14.73%,MAIN,1069535,64507,287,1844306,
3491545,"Jalen Nailor",,WR,MIN,NYG,147550,,0,0,0,0,0,0.07,0.15,0,4.03,2.38,28.78,0.19,6.43,6.42,5.23,28.93,0.19,0.15,0,28.93,0.19,0,1.94,14.36,1.42,19.72,2.25,1.25%,MAIN,1126817,50284,288,3491545,
4687982,"Jordan Addison",,WR,MIN,NYG,147550,,0,0,0,0,0,0,0,0,6.24,3.96,44.07,0.29,10.21,10.18,8.2,44.07,0.29,0,0,44.07,0.29,0,4.37,19.46,4.32,25.36,3.31,3.37%,MAIN,1214250,122160,289,4687982,
8223294,"Tai Felton",,WR,MIN,NYG,147550,,0,0,0,0,0,0,0,0,0.22,0.13,1.09,0.01,0.3,0.3,0.23,1.09,0.01,0,0,1.09,0.01,0,0,0.6,0,0.54,0.04,0.01%,MAIN,1287587,170295,290,8223294,
8268530,"Myles Price",,WR,MIN,NYG,147550,,0,0,0,0,0,0,0,0,0.06,0.03,0.36,0,0.07,0.07,0.05,0.36,0,0,0,0.36,0,0,0,0.14,,,0.02,0.00%,MAIN,1228728,139762,291,8268530,
982372,"Josh Oliver",,TE,MIN,NYG,147550,,0,0,0,0,0,0,0,0,1.64,1.06,9.48,0.09,2.54,2.53,2,9.48,0.09,0,0,9.48,0.09,0,0,6.99,0.32,6.44,0.08,0.03%,MAIN,881779,42285,292,982372,
972605,"T.J. Hockenson",,TE,MIN,NYG,147550,,0,0,0,0,0,0,0,0,5.52,3.52,30.97,0.3,8.41,8.38,6.62,30.97,0.3,0,0,30.97,0.3,0,2.94,17.01,7.34,33.72,5.82,12.47%,MAIN,923915,51195,293,972605,
4687976,"Ben Sims",,TE,MIN,NYG,147550,,0,0,0,0,0,0,0,0,0.03,0.02,0.15,0,0.03,0.03,0.02,0.15,0,0,0,0.15,0,0,0,0.06,,,0,0.00%,MAIN,1129452,59493,294,4687976,
6228290,"Will Reichard",,K,MIN,NYG,147550,,0,0,0,0,0,0,0,0,0,0,0,0,9.5,9.5,9.5,0,0,0,0,0,0,8.12,4.23,16.54,,,0,0.00%,MAIN,1160352,92332,295,6228290,
18434,"New York Giants",,DST,NYG,MIN,147550,,0,0,0,0,0,0,0,0,0,0,0,0,6.73,6.73,6.73,0,0,0,0,0,0,0,2.39,12.36,8.52,47.12,6.32,4.82%,MAIN,351,8483,296,18434,
6228327,"Drake Maye",,QB,NEP,BAL,147552,,31.23,21.2,237.84,1.61,0.65,6.87,20.83,0.27,0,0,0,0,19.39,19.34,19.34,258.67,1.88,258.67,1.88,20.83,0.27,0,12.55,28.56,,,0,0.00%,SNF,1286803,167238,297,6228327,
2861810,"Rhamondre Stevenson",,RB,NEP,BAL,147552,,0,0,0,0,0,7.54,27.76,0.26,2.81,2.18,15.93,0.1,8.68,8.63,7.54,43.69,0.36,27.76,0.26,43.69,0.36,0,4.06,16.87,,,0,0.00%,SNF,1174682,93719,298,2861810,
8223312,"TreVeyon Henderson",,RB,NEP,BAL,147552,,0,0,0,0,0,12.03,52.83,0.42,3.52,2.76,19.55,0.13,13.29,13.21,11.83,72.38,0.55,52.83,0.42,72.38,0.55,0,7.04,22.91,,,0,0.00%,SNF,1287837,169972,299,8223312,
1247803,"D'Ernest Johnson",,RB,NEP,BAL,147552,,0,0,0,0,0,0.13,0.47,0,0.05,0.04,0.33,0,0.12,0.12,0.1,0.8,0,0.47,0,0.8,0,0,0,0.24,,,0,0.00%,SNF,839043,88158,300,1247803,
21625,"Stefon Diggs",,WR,NEP,BAL,147552,,0,0,0,0,0,0,0,0,6.16,4.15,50.29,0.37,11.6,11.59,9.51,50.29,0.37,0,0,50.29,0.37,0,5.46,21.08,,,0,0.00%,SNF,694041,8606,301,21625,
36971,"Mack Hollins",,WR,NEP,BAL,147552,,0,0,0,0,0,0,0,0,4.07,2.57,33.05,0.24,7.34,7.33,6.04,33.05,0.24,0,0,33.05,0.24,0,2.67,15.26,,,0,0.00%,SNF,702808,33548,302,36971,
4688005,"Kayshon Boutte",,WR,NEP,BAL,147552,,0,0,0,0,0,0,0,0,3.84,2.61,32.07,0.23,7.2,7.19,5.88,32.07,0.23,0,0,32.07,0.23,0,2.66,15.3,,,0,0.00%,SNF,1213362,145436,303,4688005,
4688003,"Demario Douglas",,WR,NEP,BAL,147552,,0,0,0,0,0,0.31,1.09,0,2.26,1.55,18.68,0.14,4.36,4.36,3.58,19.77,0.14,1.09,0,19.77,0.14,0,0.54,10.92,,,0,0.00%,SNF,1175693,142312,304,4688003,
8223311,"Kyle Williams",,WR,NEP,BAL,147552,,0,0,0,0,0,0,0,0,0.69,0.38,6.3,0.04,1.25,1.25,1.06,6.3,0.04,0,0,6.3,0.04,0,0,2.5,,,0,0.00%,SNF,1227157,145222,305,8223311,
35576,"Austin Hooper",,TE,NEP,BAL,147552,,0,0,0,0,0,0,0,0,1.48,1.03,11.03,0.06,2.48,2.48,1.96,11.03,0.06,0,0,11.03,0.06,0,0,6.39,,,0,0.00%,SNF,739424,26421,306,35576,
35634,"Hunter Henry",,TE,NEP,BAL,147552,,0,0,0,0,0,0,0,0,6.34,4.24,49.12,0.29,11.01,10.97,8.85,49.12,0.29,0,0,49.12,0.29,0,5.09,19.43,,,0,0.00%,SNF,744425,26343,307,35634,
8228810,"Andres Borregales",,K,NEP,BAL,147552,,0,0,0,0,0,0,0,0,0,0,0,0,7.71,7.71,7.71,0,0,0,0,0,0,6.9,2.92,13.94,,,0,0.00%,SNF,n/a,,308,8228810,
18446,"Baltimore Ravens",,DST,BAL,NEP,147552,,0,0,0,0,0,0,0,0,0,0,0,0,6.49,6.49,6.49,0,0,0,0,0,0,0,1.3,13.28,,,0,0.00%,SNF,366,8465,309,18446,
8223333,"Tyler Shough",,QB,NOS,NYJ,147549,,31.93,20.96,210.85,1.51,0.68,7.47,24.93,0.24,0,0,0,0,17.87,17.81,17.81,235.78,1.75,235.78,1.75,24.93,0.24,0,11.22,26.41,7.82,55.7,5.97,4.98%,MAIN,1110306,63768,310,8223333,
4916613,"Evan Hull",,RB,NOS,NYJ,147549,,0,0,0,0,0,7.59,26.64,0.22,1.61,1.13,8.41,0.1,6.55,6.53,5.96,35.05,0.32,26.64,0.22,35.05,0.32,0,2.75,15.37,1.04,14.88,0.54,0.20%,MAIN,1173266,139141,311,4916613,
6227937,"Audric Estime",,RB,NOS,NYJ,147549,,0,0,0,0,0,8.71,31.66,0.26,2.62,1.93,14.88,0.16,9.08,9.05,8.08,46.54,0.42,31.66,0.26,46.54,0.42,0,4.19,17.92,1.74,22.12,1.05,1.55%,MAIN,1321291,169315,312,6227937,
3491988,"Chris Olave",,WR,NOS,NYJ,147549,,0,0,0,0,0,0,0,0,8.43,5.73,63.13,0.48,15.25,15.23,12.36,63.13,0.48,0,0,63.13,0.48,0,8.19,25.67,11.34,40.82,10.5,7.13%,MAIN,1122592,47332,313,3491988,
6228352,"Mason Tipton",,WR,NOS,NYJ,147549,,0,0,0,0,0,0,0,0,3.66,2.2,24.08,0.2,5.81,5.8,4.7,24.08,0.2,0,0,24.08,0.2,0,1.89,13.8,1.48,21.78,2.53,1.62%,MAIN,1182695,146715,314,6228352,
3503700,"Kevin Austin",,WR,NOS,NYJ,147549,,0,0,0,0,0,0,0,0,3.16,1.78,20.63,0.17,4.85,4.83,3.94,20.63,0.17,0,0,20.63,0.17,0,0.8,11.95,0.7,15.14,1.04,0.59%,MAIN,1130526,91527,315,3503700,
329006,"Dante Pettis",,WR,NOS,NYJ,147549,,0,0,0,0,0,0,0,0,0.44,0.26,2.69,0.02,0.65,0.65,0.52,2.69,0.02,0,0,2.69,0.02,0,0,1.3,0,0.82,0.03,0.01%,MAIN,837820,76859,316,329006,
36873,"Taysom Hill",,TE,NOS,NYJ,147549,,0,0,0,0,0,2.09,8.94,0.25,1.26,0.91,7.72,0.04,4.29,4.26,3.8,16.66,0.29,8.94,0.25,16.66,0.29,0,0.43,11.8,2.54,21.6,1.17,0.63%,MAIN,503184,33707,317,36873,
982728,"Foster Moreau",,TE,NOS,NYJ,147549,,0,0,0,0,0,0,0,0,2.39,1.67,15.48,0.07,3.62,3.61,2.77,15.48,0.07,0,0,15.48,0.07,0,0.07,9.19,0.52,10.9,0.28,0.13%,MAIN,865573,64582,318,982728,
1844771,"Juwan Johnson",,TE,NOS,NYJ,147549,,0,0,0,0,0,0,0,0,7.28,5.38,50.08,0.23,11.86,11.8,9.11,50.08,0.23,0,0,50.08,0.23,0,6.19,19.97,13.08,46.96,9.32,8.82%,MAIN,884609,51690,319,1844771,
2862067,"Jack Stoll",,TE,NOS,NYJ,147549,,0,0,0,0,0,0,0,0,1.07,0.72,6.16,0.03,1.51,1.5,1.14,6.16,0.03,0,0,6.16,0.03,0,0,3.02,0.04,2.76,0.04,0.01%,MAIN,911985,62108,320,2862067,
6045154,"Charlie Smyth",,K,NOS,NYJ,147549,,0,0,0,0,0,0,0,0,0,0,0,0,8.28,8.28,8.28,0,0,0,0,0,0,7.31,3.57,14.29,,,0,0.00%,MAIN,1506548,342785,321,6045154,
18435,"New York Jets",,DST,NYJ,NOS,147549,,0,0,0,0,0,0,0,0,0,0,0,0,6.25,6.25,6.25,0,0,0,0,0,0,0,1.36,12.79,7.24,44.94,8.16,15.03%,MAIN,352,8484,322,18435,
8217369,"Jaxson Dart",,QB,NYG,MIN,147550,,31.24,19.61,200.08,1.37,0.55,6.48,27.92,0.2,0,0,0,0,17.03,16.96,16.96,228,1.57,228,1.57,27.92,0.2,0,10.76,25.89,5.18,43.56,2.92,2.88%,MAIN,1286260,170695,323,8217369,
982203,"Devin Singletary",,RB,NYG,MIN,147550,,0,0,0,0,0,6.34,25.43,0.2,1.61,1.15,7.94,0.04,5.91,5.89,5.31,33.37,0.24,25.43,0.2,33.37,0.24,0,2.36,13.21,0.62,9.72,0.28,0.11%,MAIN,916466,48886,324,982203,
4688060,"Eric Gray",,RB,NYG,MIN,147550,,0,0,0,0,0,0.19,0.47,0.01,0.12,0.08,0.61,0,0.25,0.25,0.21,1.08,0.01,0.47,0.01,1.08,0.01,0,0,0.5,0,0.04,0,0.00%,MAIN,1161798,146342,325,4688060,
6228388,"Tyrone Tracy",,RB,NYG,MIN,147550,,0,0,0,0,0,13.01,51.5,0.37,4.23,2.89,21.98,0.1,13.12,13.08,11.63,73.48,0.47,51.5,0.37,73.48,0.47,0,7.18,21.99,5.1,37.9,7.98,6.26%,MAIN,1109708,51230,326,6228388,
982456,"Darius Slayton",,WR,NYG,MIN,147550,,0,0,0,0,0,0,0,0,5.41,3.17,41.43,0.23,8.76,8.75,7.16,41.43,0.23,0,0,41.43,0.23,0,3.52,17.14,4.32,25.26,2.91,3.43%,MAIN,880557,61662,327,982456,
3491835,"Wan'Dale Robinson",,WR,NYG,MIN,147550,,0,0,0,0,0,0.14,0.79,0.01,8.99,6.21,55.5,0.38,14.4,14.36,11.25,56.29,0.39,0.79,0.01,56.29,0.39,0,7.99,23.5,11,41.72,7.22,6.04%,MAIN,1164875,92947,328,3491835,
1844332,"Isaiah Hodgins",,WR,NYG,MIN,147550,,0,0,0,0,0,0,0,0,3.35,2.21,20.49,0.14,5.09,5.08,3.97,20.49,0.14,0,0,20.49,0.14,0,1.46,11.89,0.64,14.5,0.72,0.65%,MAIN,975387,41270,329,1844332,
4688061,"Jalin Hyatt",,WR,NYG,MIN,147550,,0,0,0,0,0,0,0,0,0.39,0.2,2.14,0.02,0.53,0.53,0.43,2.14,0.02,0,0,2.14,0.02,0,0,1.06,0,0.48,0.02,0.00%,MAIN,1232892,146301,330,4688061,
8262387,"Dalen Cambre",,WR,NYG,MIN,147550,,0,0,0,0,0,0,0,0,0.05,0.03,0.34,0,0.06,0.07,0.05,0.34,0,0,0,0.34,0,0,0,0.12,,,0.02,0.00%,MAIN,1180329,142157,331,8262387,
21635,"Chris Manhertz",,TE,NYG,MIN,147550,,0,0,0,0,0,0,0,0,0.04,0.03,0.23,0,0.05,0.06,0.04,0.23,0,0,0,0.23,0,0,0,0.1,,,0,0.00%,MAIN,563293,8360,332,21635,
3491834,"Daniel Bellinger",,TE,NYG,MIN,147550,,0,0,0,0,0,0,0,0,1.74,1.28,11.43,0.1,3.01,3,2.36,11.43,0.1,0,0,11.43,0.1,0,0,8.28,1.06,10.38,0.28,0.09%,MAIN,1122035,64036,333,3491834,
6228389,"Theo Johnson",,TE,NYG,MIN,147550,,0,0,0,0,0,0,0,0,5.32,3.55,34.54,0.35,9.13,9.1,7.32,34.54,0.35,0,0,34.54,0.35,0,3.36,18.06,13.6,36.94,6.37,7.05%,MAIN,1214414,137488,334,6228389,
8268704,"Ben Sauls",,K,NYG,MIN,147550,,0,0,0,0,0,0,0,0,0,0,0,0,7.47,7.47,7.47,0,0,0,0,0,0,6.61,2.79,13.55,,,0,0.00%,MAIN,1229835,138036,335,8268704,
18431,"Minnesota Vikings",,DST,MIN,NYG,147550,,0,0,0,0,0,0,0,0,0,0,0,0,7.09,7.09,7.09,0,0,0,0,0,0,0,2.12,13.75,6.78,42.74,4.56,5.24%,MAIN,347,8480,336,18431,
8251067,"Brady Cook",,QB,NYJ,NOS,147549,,30.61,17.85,159.2,0.96,1.05,4.97,20.78,0.15,0,0,0,0,12.11,12.06,12.06,179.98,1.11,179.98,1.11,20.78,0.15,0,6.66,19.44,0.68,29.92,1.32,0.91%,MAIN,1213386,137047,337,8251067,
2861632,"Khalil Herbert",,RB,NYJ,NOS,147549,,0,0,0,0,0,0.34,1.52,0.01,0.19,0.14,0.74,0.01,0.48,0.48,0.41,2.26,0.02,1.52,0.01,2.26,0.02,0,0,0.96,0,0.06,0,0.00%,MAIN,935104,68220,338,2861632,
3491661,"Breece Hall",,RB,NYJ,NOS,147549,,0,0,0,0,0,15.22,63.84,0.51,3.17,2.36,16.15,0.11,14.41,14.34,13.16,79.99,0.62,63.84,0.51,79.99,0.62,0,7.49,24.74,7.92,40.48,11.01,13.66%,MAIN,1162537,144613,339,3491661,
6228429,"Isaiah Davis",,RB,NYJ,NOS,147549,,0,0,0,0,0,5.96,27.08,0.2,1.07,0.75,4.82,0.04,5.35,5.33,4.95,31.9,0.24,27.08,0.2,31.9,0.24,0,2.23,13.94,0.34,8.66,0.1,0.23%,MAIN,1271609,173463,340,6228429,
1844805,"Tyler Johnson",,WR,NYJ,NOS,147549,,0,0,0,0,0,0,0,0,0.4,0.26,2.38,0.01,0.56,0.55,0.42,2.38,0.01,0,0,2.38,0.01,0,0,1.12,0,0.3,0.01,0.00%,MAIN,911236,44259,341,1844805,
6227963,"Isaiah Williams",,WR,NYJ,NOS,147549,,0,0,0,0,0,0,0,0,3.77,2.42,18.64,0.12,4.99,4.98,3.77,18.64,0.12,0,0,18.64,0.12,0,1.43,11.53,0.58,15.32,0.54,0.48%,MAIN,1176432,92715,342,6227963,
6228064,"Adonai Mitchell",,WR,NYJ,NOS,147549,,0,0,0,0,0,0.23,0.39,0,8.4,4.3,50.97,0.26,11.2,11.17,9.02,51.36,0.26,0.39,0,51.36,0.26,0,5.41,20.19,7.92,37.36,9.09,12.86%,MAIN,1285908,169473,343,6228064,
8228888,"Arian Smith",,WR,NYJ,NOS,147549,,0,0,0,0,0,0,0,0,0.94,0.54,4.4,0.03,1.16,1.15,0.88,4.4,0.03,0,0,4.4,0.03,0,0,2.32,0,1.06,0.02,0.00%,MAIN,1218653,141401,344,8228888,
3491692,"John Metchie",,WR,NYJ,NOS,147549,,0,0,0,0,0,0,0,0,6.49,4.04,33.42,0.2,8.6,8.57,6.55,33.42,0.2,0,0,33.42,0.2,0,3.66,16.43,3.44,26.58,3.26,2.09%,MAIN,1160348,144836,345,3491692,
3491659,"Jeremy Ruckert",,TE,NYJ,NOS,147549,,0,0,0,0,0,0,0,0,4.51,3.08,20.94,0.13,5.93,5.9,4.36,20.94,0.13,0,0,20.94,0.13,0,1.99,12.79,1.88,21.28,1.38,0.86%,MAIN,1122596,47317,346,3491659,
3492135,"Stone Smartt",,TE,NYJ,NOS,147549,,0,0,0,0,0,0,0,0,1.4,0.9,8.44,0.04,1.98,1.97,1.52,8.44,0.04,0,0,8.44,0.04,0,0,3.96,0.1,3.52,0.04,0.01%,MAIN,1056865,65061,347,3492135,
3491721,"Jelani Woods",,TE,NYJ,NOS,147549,,0,0,0,0,0,0,0,0,0.27,0.17,1.66,0.01,0.39,0.4,0.31,1.66,0.01,0,0,1.66,0.01,0,0,0.78,0,0.68,0.01,0.00%,MAIN,975503,46468,348,3491721,
11555,"Nick Folk",,K,NYJ,NOS,147549,,0,0,0,0,0,0,0,0,0,0,0,0,6.95,6.95,6.95,0,0,0,0,0,0,6.22,2.43,13.54,,,0,0.00%,MAIN,213781,2952,349,11555,
18433,"New Orleans Saints",,DST,NOS,NYJ,147549,,0,0,0,0,0,0,0,0,0,0,0,0,8.01,8.01,8.01,0,0,0,0,0,0,0,3.67,13.49,10.94,53.9,4.7,2.77%,MAIN,350,8482,350,18433,
1844646,"Jalen Hurts",,QB,PHI,WAS,147544,,28.74,18.73,218.75,1.71,0.46,7.21,28.33,0.61,0,0,0,0,21.91,21.86,21.86,247.08,2.32,247.08,2.32,28.33,0.61,0,13.83,31.97,,,0,0.00%,SAT,913271,63503,351,1844646,
328607,"Saquon Barkley",,RB,PHI,WAS,147544,,0,0,0,0,0,19.65,86.17,0.62,3.29,2.4,20.17,0.18,18.73,18.64,17.44,106.34,0.8,86.17,0.62,106.34,0.8,0,10.28,29.67,,,0,0.00%,SAT,883302,76720,352,328607,
6228458,"Will Shipley",,RB,PHI,WAS,147544,,0,0,0,0,0,0.55,1.98,0.01,0.54,0.39,3,0.03,1.12,1.13,0.93,4.98,0.04,1.98,0.01,4.98,0.04,0,0,2.24,,,0,0.00%,SAT,1287636,166799,353,6228458,
4687832,"Tank Bigsby",,RB,PHI,WAS,147544,,0,0,0,0,0,2.17,9.25,0.04,0.09,0.05,0.39,0,1.25,1.24,1.21,9.64,0.04,9.25,0.04,9.64,0.04,0,0.03,3.44,,,0,0.00%,SAT,1215035,143623,354,4687832,
982405,"A.J. Brown",,WR,PHI,WAS,147544,,0,0,0,0,0,0,0,0,8.28,5.21,71.91,0.52,16.17,16.15,13.54,71.91,0.52,0,0,71.91,0.52,0,8.38,29.41,,,0,0.00%,SAT,944826,61367,355,982405,
2862069,"DeVonta Smith",,WR,PHI,WAS,147544,,0,0,0,0,0,0.07,0.12,0,7.43,4.98,59.91,0.45,13.97,13.95,11.46,60.03,0.45,0.12,0,60.03,0.45,0,7.05,24.41,,,0,0.00%,SAT,1060262,63504,356,2862069,
3491902,"Jahan Dotson",,WR,PHI,WAS,147544,,0,0,0,0,0,0,0,0,1.78,1.07,11.89,0.11,2.91,2.91,2.37,11.89,0.11,0,0,11.89,0.11,0,0,8,,,0,0.00%,SAT,1121878,51700,357,3491902,
8281184,"Darius Cooper",,WR,PHI,WAS,147544,,0,0,0,0,0,0,0,0,0.28,0.18,1.87,0.02,0.49,0.48,0.39,1.87,0.02,0,0,1.87,0.02,0,0,0.98,,,0,0.00%,SAT,1223318,176331,358,8281184,
3503821,"Britain Covey",,WR,PHI,WAS,147544,,0,0,0,0,0,0,0,0,0.07,0.05,0.41,0,0.09,0.1,0.07,0.41,0,0,0,0.41,0,0,0,0.18,,,0,0.00%,SAT,882718,86684,359,3503821,
328643,"Dallas Goedert",,TE,PHI,WAS,147544,,0,0,0,0,0,0,0,0,6.05,4.26,43.86,0.35,10.84,10.79,8.66,43.86,0.35,0,0,43.86,0.35,0,4.87,19.89,,,0,0.00%,SAT,791365,40739,360,328643,
2861904,"Kylen Granson",,TE,PHI,WAS,147544,,0,0,0,0,0,0,0,0,0.34,0.21,2.16,0.02,0.54,0.55,0.44,2.16,0.02,0,0,2.16,0.02,0,0,1.08,,,0,0.00%,SAT,921050,42492,361,2861904,
3491869,"Grant Calcaterra",,TE,PHI,WAS,147544,,0,0,0,0,0,0,0,0,0.61,0.43,4.73,0.04,1.14,1.14,0.92,4.73,0.04,0,0,4.73,0.04,0,0,2.28,,,0,0.00%,SAT,976221,54010,362,3491869,
36831,"Jake Elliott",,K,PHI,WAS,147544,,0,0,0,0,0,0,0,0,0,0,0,0,7.85,7.85,7.85,0,0,0,0,0,0,7.08,3.32,13.75,,,0,0.00%,SAT,746154,33393,363,36831,
18445,"Washington Commanders",,DST,WAS,PHI,147544,,0,0,0,0,0,0,0,0,0,0,0,0,5.08,5.08,5.08,0,0,0,0,0,0,0,-0.42,12.31,,,0,0.00%,SAT,363,8494,364,18445,
11601,"Aaron Rodgers",,QB,PIT,DET,147556,,32.96,21.19,226.44,1.54,0.49,1.14,1.25,0.09,0,0,0,0,15.74,15.73,15.73,227.69,1.63,227.69,1.63,1.25,0.09,0,9.38,24.21,3.68,43.68,5.03,4.51%,MAIN,213957,6330,365,11601,
2862072,"Kenneth Gainwell",,RB,PIT,DET,147556,,0,0,0,0,0,8.72,35.96,0.29,5.32,4.03,29.08,0.12,12.99,12.93,10.91,65.04,0.41,35.96,0.29,65.04,0.41,0,7.21,21.49,5.54,41.26,7.91,13.03%,MAIN,1130705,163016,366,2862072,
3491433,"Jaylen Warren",,RB,PIT,DET,147556,,0,0,0,0,0,10.24,43.4,0.38,3.04,2.31,18.35,0.07,11.19,11.14,9.98,61.75,0.45,43.4,0.38,61.75,0.45,0,5.68,19.08,3.04,24.68,1.74,0.96%,MAIN,1176443,136380,367,3491433,
8223437,"Kaleb Johnson",,RB,PIT,DET,147556,,0,0,0,0,0,2.72,10.23,0.1,0.16,0.1,0.85,0,1.79,1.77,1.72,11.08,0.1,10.23,0.1,11.08,0.1,0,0.24,4.92,0,1.78,0.03,0.01%,MAIN,1381902,237895,368,8223437,
982629,"Scotty Miller",,WR,PIT,DET,147556,,0,0,0,0,0,0,0,0,0.03,0.02,0.18,0,0.04,0.04,0.03,0.18,0,0,0,0.18,0,0,0,0.08,,,0.02,0.00%,MAIN,866578,50338,369,982629,
982879,"D.K. Metcalf",,WR,PIT,DET,147556,,0,0,0,0,0,0,0,0,8,4.74,63.37,0.46,14.14,14.11,11.74,63.37,0.46,0,0,63.37,0.46,0,7.27,25.37,12.4,40.96,17,17.39%,MAIN,945633,61444,370,982879,
2862398,"Ben Skowronek",,WR,PIT,DET,147556,,0,0,0,0,0,0,0,0,0.22,0.14,1.49,0.02,0.41,0.41,0.34,1.49,0.02,0,0,1.49,0.02,0,0,0.82,0,0.62,0.02,0.00%,MAIN,920944,54513,371,2862398,
3491434,"Calvin Austin",,WR,PIT,DET,147556,,0,0,0,0,0,0.2,0.98,0.02,2.14,1.26,15.46,0.12,3.74,3.73,3.1,16.44,0.14,0.98,0.02,16.44,0.14,0,0.02,10.29,0.58,8.68,0.5,0.20%,MAIN,1062765,47532,372,3491434,
18116,"Adam Thielen",,WR,PIT,DET,147556,,0,0,0,0,0,0,0,0,2.01,1.35,14.85,0.12,3.55,3.55,2.87,14.85,0.12,0,0,14.85,0.12,0,0.02,9.76,0.26,7.76,0.54,0.21%,MAIN,733643,7205,373,18116,
328275,"Marquez Valdes-Scantling",,WR,PIT,DET,147556,,0,0,0,0,0,0,0,0,2.03,1.09,16.58,0.12,3.46,3.46,2.91,16.58,0.12,0,0,16.58,0.12,0,0,9.52,0.14,8.32,0.59,0.25%,MAIN,742382,40805,374,328275,
36950,"Jonnu Smith",,TE,PIT,DET,147556,,0,0,0,0,0,0,0,0,2.35,1.58,13.05,0.12,3.59,3.58,2.79,13.05,0.12,0,0,13.05,0.12,0,0.01,9.87,1.4,13.46,0.61,0.22%,MAIN,743749,33456,375,36950,
2861601,"Pat Freiermuth",,TE,PIT,DET,147556,,0,0,0,0,0,0,0,0,3.6,2.47,21.25,0.18,5.68,5.66,4.42,21.25,0.18,0,0,21.25,0.18,0,1.72,13.35,5.16,25.8,2.42,1.31%,MAIN,1116662,163239,376,2861601,
3491431,"Connor Heyward",,TE,PIT,DET,147556,,0,0,0,0,0,0,0,0,0.13,0.09,0.79,0.01,0.23,0.23,0.18,0.79,0.01,0,0,0.79,0.01,0,0,0.46,0,0.44,0.02,0.01%,MAIN,1057457,50262,377,3491431,
4688136,"Darnell Washington",,TE,PIT,DET,147556,,0,0,0,0,0,0,0,0,3.93,2.65,25.8,0.2,6.44,6.42,5.09,25.8,0.2,0,0,25.8,0.2,0,2.13,14.39,5.94,30.84,6.51,3.31%,MAIN,1218658,141428,378,4688136,
18159,"Chris Boswell",,K,PIT,DET,147556,,0,0,0,0,0,0,0,0,0,0,0,0,8.95,8.95,8.95,0,0,0,0,0,0,7.7,3.73,15.81,,,0,0.00%,MAIN,504436,8402,379,18159,
18424,"Detroit Lions",,DST,DET,PIT,147556,,0,0,0,0,0,0,0,0,0,0,0,0,6.24,6.24,6.24,0,0,0,0,0,0,0,1.62,12.18,5.66,34.76,2.52,1.45%,MAIN,334,8473,380,18424,
328423,"Sam Darnold",,QB,SEA,LAR,147543,,30.15,19.34,225.87,1.43,0.51,2.18,2.73,0.09,0,0,0,0,15.35,15.33,15.33,228.6,1.52,228.6,1.52,2.73,0.09,0,9.06,23.58,,,0,0.00%,THURS,880026,76998,381,328423,
3492251,"Kenneth Walker III",,RB,SEA,LAR,147543,,0,0,0,0,0,11.46,44.52,0.41,2.52,1.81,13.51,0.06,10.45,10.39,9.48,58.03,0.47,44.52,0.41,58.03,0.47,0,5.38,18.95,,,0,0.00%,THURS,1164402,33516,382,3492251,
4688186,"Zach Charbonnet",,RB,SEA,LAR,147543,,0,0,0,0,0,10.24,35.35,0.46,1.35,1.01,7.57,0.03,8.21,8.17,7.66,42.92,0.49,35.35,0.46,42.92,0.49,0,3.14,18.74,,,0,0.00%,THURS,1164530,92941,383,4688186,
1849790,"Cam Akers",,RB,SEA,LAR,147543,,0,0,0,0,0,0.21,0.7,0.01,0.09,0.06,0.47,0,0.24,0.23,0.2,1.17,0.01,0.7,0.01,1.17,0.01,0,0,0.48,,,0,0.00%,THURS,976251,63693,384,1849790,
37050,"Cooper Kupp",,WR,SEA,LAR,147543,,0,0,0,0,0,0,0,0,5.1,3.35,35.53,0.22,8.25,8.24,6.56,35.53,0.22,0,0,35.53,0.22,0,3.57,15.54,,,0,0.00%,THURS,698227,33786,385,37050,
2185208,"Cody White",,WR,SEA,LAR,147543,,0,0,0,0,0,0,0,0,0.37,0.23,3,0.02,0.65,0.65,0.53,3,0.02,0,0,3,0.02,0,0,1.3,,,0,0.00%,THURS,1057484,50301,386,2185208,
3492252,"Dareke Young",,WR,SEA,LAR,147543,,0,0,0,0,0,0,0,0,0.04,0.02,0.29,0,0.05,0.05,0.04,0.29,0,0,0,0.29,0,0,0,0.1,,,0,0.00%,THURS,1384869,230818,387,3492252,
3503949,"Rashid Shaheed",,WR,SEA,LAR,147543,,0,0,0,0,0,0.89,4.46,0.02,4.98,3.13,41.26,0.22,9.19,9.17,7.6,45.72,0.24,4.46,0.02,45.72,0.24,0,3.89,17.42,,,0,0.00%,THURS,923412,62699,388,3503949,
4688187,"Jaxon Smith-Njigba",,WR,SEA,LAR,147543,,0,0,0,0,0,0.25,1.11,0.01,9.95,6.45,84.92,0.53,19.47,19.43,16.2,86.03,0.54,1.11,0.01,86.03,0.54,0,10.51,31.23,,,0,0.00%,THURS,1214087,134969,389,4688187,
36986,"Eric Saubert",,TE,SEA,LAR,147543,,0,0,0,0,0,0,0,0,0.39,0.25,2.29,0.02,0.6,0.6,0.47,2.29,0.02,0,0,2.29,0.02,0,0,1.2,,,0,0.00%,THURS,694931,33331,390,36986,
4716358,"Brady Russell",,TE,SEA,LAR,147543,,0,0,0,0,0,0,0,0,0.02,0.01,0.11,0,0.02,0.03,0.02,0.11,0,0,0,0.11,0,0,0,0.04,,,0,0.00%,THURS,1064955,49452,391,4716358,
6228551,"AJ Barner",,TE,SEA,LAR,147543,,0,0,0,0,0,1.19,3.87,0.02,5.24,3.61,31.73,0.29,9.04,9,7.19,35.6,0.31,3.87,0.02,35.6,0.31,0,3.76,17.84,,,0,0.00%,THURS,1229503,134944,392,6228551,
8281271,"Nick Kallerup",,TE,SEA,LAR,147543,,0,0,0,0,0,0,0,0,0.1,0.06,0.56,0.01,0.18,0.17,0.14,0.56,0.01,0,0,0.56,0.01,0,0,0.36,,,0,0.00%,THURS,1164736,133215,393,8281271,
18774,"Jason Myers",,K,SEA,LAR,147543,,0,0,0,0,0,0,0,0,0,0,0,0,7.79,7.79,7.79,0,0,0,0,0,0,6.87,3.1,14.01,,,0,0.00%,THURS,518088,8713,394,18774,
18442,"Los Angeles Rams",,DST,LAR,SEA,147543,,0,0,0,0,0,0,0,0,0,0,0,0,6.22,6.22,6.22,0,0,0,0,0,0,0,0.73,13.95,,,0,0.00%,THURS,343,8491,395,18442,
3492223,"Brock Purdy",,QB,SFO,IND,147558,,32.55,21.87,244.41,1.7,0.68,6.03,17.24,0.15,0,0,0,0,19.03,18.97,18.97,261.65,1.85,261.65,1.85,17.24,0.15,0,12.07,27.9,,,0,0.00%,MNF,1121761,63297,396,3492223,
18516,"Kyle Juszczyk",,RB,SFO,IND,147558,,0,0,0,0,0,0.24,0.67,0.01,1.4,0.99,9.17,0.05,2.32,2.32,1.82,9.84,0.06,0.67,0.01,9.84,0.06,0,0,6.38,,,0,0.00%,MNF,501150,4337,397,18516,
3491896,"Brian Robinson",,RB,SFO,IND,147558,,0,0,0,0,0,5.19,20.95,0.23,1.26,0.83,6.52,0.04,5.18,5.16,4.74,27.47,0.27,20.95,0.23,27.47,0.27,0,1.65,13.89,,,0,0.00%,MNF,973966,63567,398,3491896,
36994,"Christian McCaffrey",,RB,SFO,IND,147558,,0,0,0,0,0,16.35,72.68,0.81,6.52,5.19,43.22,0.3,24.11,24.03,21.43,115.9,1.11,72.68,0.81,115.9,1.11,0,14.63,36.41,,,0,0.00%,MNF,830517,33213,399,36994,
35615,"Demarcus Robinson",,WR,SFO,IND,147558,,0,0,0,0,0,0,0,0,2.63,1.56,19.1,0.14,4.3,4.29,3.51,19.1,0.14,0,0,19.1,0.14,0,0.17,10.92,,,0,0.00%,MNF,727279,25841,400,35615,
1849815,"Jauan Jennings",,WR,SFO,IND,147558,,0,0,0,0,0,0,0,0,7.73,4.9,54.75,0.4,13.06,13.03,10.58,54.75,0.4,0,0,54.75,0.4,0,6.66,23.23,,,0,0.00%,MNF,867009,66107,401,1849815,
3492073,"Skyy Moore",,WR,SFO,IND,147558,,0,0,0,0,0,0.09,0.52,0.01,0.05,0.03,0.35,0,0.18,0.18,0.16,0.87,0.01,0.52,0.01,0.87,0.01,0,0,0.36,,,0,0.00%,MNF,1176730,140205,402,3492073,
8228969,"Jordan Watkins",,WR,SFO,IND,147558,,0,0,0,0,0,0,0,0,0.2,0.12,1.32,0.01,0.31,0.31,0.25,1.32,0.01,0,0,1.32,0.01,0,0,0.62,,,0,0.00%,MNF,1222835,143406,403,8228969,
37068,"Kendrick Bourne",,WR,SFO,IND,147558,,0,0,0,0,0,0,0,0,3.54,2.39,30.47,0.18,6.55,6.54,5.34,30.47,0.18,0,0,30.47,0.18,0,2.15,13.85,,,0,0.00%,MNF,754412,33513,404,37068,
37069,"George Kittle",,TE,SFO,IND,147558,,0,0,0,0,0,0,0,0,8.03,5.58,68.13,0.5,15.75,15.69,12.9,68.13,0.5,0,0,68.13,0.5,0,7.8,27.81,,,0,0.00%,MNF,733672,33357,405,37069,
2861936,"Luke Farrell",,TE,SFO,IND,147558,,0,0,0,0,0,0,0,0,0.89,0.63,5.75,0.06,1.56,1.56,1.24,5.75,0.06,0,0,5.75,0.06,0,0,3.12,,,0,0.00%,MNF,946541,47245,406,2861936,
3503411,"Jake Tonges",,TE,SFO,IND,147558,,0,0,0,0,0,0,0,0,0.29,0.21,1.87,0.02,0.51,0.52,0.41,1.87,0.02,0,0,1.87,0.02,0,0,1.02,,,0,0.00%,MNF,1068872,52089,407,3503411,
328888,"Eddy Pineiro",,K,SFO,IND,147558,,0,0,0,0,0,0,0,0,0,0,0,0,9.1,9.1,9.1,0,0,0,0,0,0,8.07,4.07,15.33,,,0,0.00%,MNF,n/a,40377,408,328888,
18427,"Indianapolis Colts",,DST,IND,SFO,147558,,0,0,0,0,0,0,0,0,0,0,0,0,4.95,4.95,4.95,0,0,0,0,0,0,0,0.05,10.89,,,0,0.00%,MNF,338,8476,409,18427,
328157,"Baker Mayfield",,QB,TBB,CAR,147546,,33.85,21.97,230.75,1.59,0.66,4.36,15.56,0.15,0,0,0,0,17.71,17.67,17.67,246.31,1.74,246.31,1.74,15.56,0.15,0,11.18,25.82,5.9,49.42,2.86,3.23%,MAIN,748070,76845,410,328157,
3492017,"Rachaad White",,RB,TBB,CAR,147546,,0,0,0,0,0,2.1,8.22,0.09,1.49,1.24,8.24,0.07,3.83,3.82,3.2,16.46,0.16,8.22,0.09,16.46,0.16,0,0.62,10.53,0.02,3.38,0.03,0.05%,MAIN,1229343,135400,411,3492017,
4773613,"Sean Tucker",,RB,TBB,CAR,147546,,0,0,0,0,0,4.58,19,0.19,0.35,0.27,1.9,0.02,3.6,3.59,3.45,20.9,0.21,19,0.19,20.9,0.21,0,1.1,9.9,0.1,4.24,0.07,0.06%,MAIN,1228633,126307,412,4773613,
6228586,"Bucky Irving",,RB,TBB,CAR,147546,,0,0,0,0,0,14.77,63.22,0.6,3.4,2.85,19.22,0.16,15.97,15.9,14.47,82.44,0.76,63.22,0.6,82.44,0.76,0,8.58,26.64,10.74,42.66,9.22,9.92%,MAIN,1287923,170092,413,6228586,
18287,"Mike Evans",,WR,TBB,CAR,147546,,0,0,0,0,0,0,0,0,8.79,5.56,67.56,0.35,14.91,14.88,12.1,67.56,0.35,0,0,67.56,0.35,0,8.11,25.47,13.42,41.58,8.4,10.16%,MAIN,593587,2823,414,18287,
37002,"Chris Godwin",,WR,TBB,CAR,147546,,0,0,0,0,0,0,0,0,5.91,4.15,40.55,0.24,9.71,9.68,7.6,40.55,0.24,0,0,40.55,0.24,0,4.58,17.26,3.74,24.1,1.53,1.50%,MAIN,835127,33207,415,37002,
6228587,"Jalen McMillan",,WR,TBB,CAR,147546,,0,0,0,0,0,0,0,0,2.92,1.87,20.71,0.12,4.65,4.65,3.71,20.71,0.12,0,0,20.71,0.12,0,1.02,11.02,0.3,9.32,0.24,0.24%,MAIN,1213726,136211,416,6228587,
8217509,"Emeka Egbuka",,WR,TBB,CAR,147546,,0,0,0,0,0,0.31,1.58,0.01,6.39,3.46,42.13,0.26,9.56,9.53,7.8,43.71,0.27,1.58,0.01,43.71,0.27,0,4.14,17.68,3.88,20.46,1.03,0.76%,MAIN,1287825,169997,417,8217509,
8229018,"Tez Johnson",,WR,TBB,CAR,147546,,0,0,0,0,0,0.31,0.82,0.01,0.81,0.48,5.37,0.03,1.33,1.33,1.09,6.19,0.04,0.82,0.01,6.19,0.04,0,0,2.66,0,1.86,0.05,0.01%,MAIN,1214837,139591,418,8229018,
3492018,"Cade Otton",,TE,TBB,CAR,147546,Q,0,0,0,0,0,0,0,0,3.59,2.41,21.16,0.33,6.49,6.47,5.26,21.16,0.33,0,0,21.16,0.33,0,2.02,16.93,5.5,23.52,2.51,2.44%,MAIN,1049263,49331,419,3492018,
4688204,"Payne Durham",,TE,TBB,CAR,147546,,0,0,0,0,0,0,0,0,0.18,0.13,1.21,0.02,0.37,0.37,0.3,1.21,0.02,0,0,1.21,0.02,0,0,0.74,0,1.22,0.03,0.01%,MAIN,1130260,61111,420,4688204,
6228585,"Devin Culp",,TE,TBB,CAR,147546,,0,0,0,0,0,0,0,0,0.02,0.01,0.13,0,0.02,0.03,0.02,0.13,0,0,0,0.13,0,0,0,0.04,,,0.01,0.00%,MAIN,1107536,49358,421,6228585,
1018996,"Chase McLaughlin",,K,TBB,CAR,147546,,0,0,0,0,0,0,0,0,0,0,0,0,8.96,8.96,8.96,0,0,0,0,0,0,7.8,3.85,15.03,,,0,0.00%,MAIN,861446,51420,422,1018996,
18418,"Carolina Panthers",,DST,CAR,TBB,147546,,0,0,0,0,0,0,0,0,0,0,0,0,5.16,5.16,5.16,0,0,0,0,0,0,0,0.91,10.83,4.7,33.96,1.77,0.92%,MAIN,364,8467,423,18418,
8217535,"Cam Ward",,QB,TEN,KCC,147548,,32.7,19.28,180.73,1.12,0.47,1.92,8.17,0.06,0,0,0,0,12.45,12.43,12.43,188.9,1.18,188.9,1.18,8.17,0.06,0,7.38,19.36,0.64,28.18,0.75,0.30%,MAIN,1228691,145515,424,8217535,
982431,"Tony Pollard",,RB,TEN,KCC,147548,,0,0,0,0,0,14.91,58.41,0.39,2.23,1.67,10.35,0.05,11.33,11.26,10.42,68.76,0.44,58.41,0.39,68.76,0.44,0,6,20.01,4.28,29.9,4.84,4.15%,MAIN,880398,47519,425,982431,
4688225,"Tyjae Spears",,RB,TEN,KCC,147548,,0,0,0,0,0,3.91,14.68,0.09,3.9,3.12,19.77,0.09,7.62,7.59,6.03,34.45,0.18,14.68,0.09,34.45,0.18,0,3.57,14.4,0.92,13.3,0.38,0.18%,MAIN,1169430,122689,426,4688225,
8229045,"Kalel Mullings",,RB,TEN,KCC,147548,,0,0,0,0,0,0.38,0.98,0.01,0.02,0.01,0.1,0,0.18,0.18,0.17,1.08,0.01,0.98,0.01,1.08,0.01,0,0,0.36,0,0.02,0,0.00%,MAIN,1229673,139511,427,8229045,
1844098,"James Proche",,WR,TEN,KCC,147548,,0,0,0,0,0,0,0,0,0.84,0.51,4.5,0.03,1.14,1.14,0.88,4.5,0.03,0,0,4.5,0.03,0,0,2.28,0,1.4,0,0.00%,MAIN,877913,58502,428,1844098,
1849783,"Van Jefferson",,WR,TEN,KCC,147548,Q,0,0,0,0,0,0,0,0,4.57,2.44,28.25,0.18,6.36,6.35,5.13,28.25,0.18,0,0,28.25,0.18,0,2.12,13.85,1.5,23.06,2.04,3.59%,MAIN,884080,54904,429,1849783,
8229046,"Elic Ayomanor",,WR,TEN,KCC,147548,,0,0,0,0,0,0,0,0,5.27,2.59,31.9,0.21,7.09,7.08,5.78,31.9,0.21,0,0,31.9,0.21,0,2.54,15.02,3.16,28.76,3.75,3.12%,MAIN,1395319,233612,430,8229046,
8229048,"Chimere Dike",,WR,TEN,KCC,147548,,0,0,0,0,0,1.34,5.55,0.01,5.63,3.32,30.13,0.22,8.25,8.22,6.56,35.68,0.23,5.55,0.01,35.68,0.23,0,3.67,16,2.64,21.48,1.74,1.48%,MAIN,1215102,136349,431,8229048,
1844553,"Mason Kinsey",,WR,TEN,KCC,147548,,0,0,0,0,0,0,0,0,0.21,0.12,1.16,0.01,0.3,0.29,0.23,1.16,0.01,0,0,1.16,0.01,0,0,0.6,0,0.26,0,0.00%,MAIN,1215308,96333,432,1844553,
3491778,"Chigoziem Okonkwo",,TE,TEN,KCC,147548,,0,0,0,0,0,0,0,0,4.83,3.31,29.63,0.16,7.22,7.19,5.53,29.63,0.16,0,0,29.63,0.16,0,2.62,14.74,4.18,23.42,1.23,1.13%,MAIN,1106374,188670,433,3491778,
6228620,"David Martin-Robinson",,TE,TEN,KCC,147548,,0,0,0,0,0,0,0,0,0.2,0.12,0.99,0.01,0.28,0.28,0.22,0.99,0.01,0,0,0.99,0.01,0,0,0.56,0,0.74,0,0.00%,MAIN,1124199,83677,434,6228620,
8229047,"Gunnar Helm",,TE,TEN,KCC,147548,,0,0,0,0,0,0,0,0,5,3.52,28.38,0.16,7.3,7.27,5.51,28.38,0.16,0,0,28.38,0.16,0,2.77,14.88,4.78,28.14,2.38,2.26%,MAIN,1286438,170959,435,8229047,
1001711,"Joey Slye",,K,TEN,KCC,147548,,0,0,0,0,0,0,0,0,0,0,0,0,7.23,7.23,7.23,0,0,0,0,0,0,6.3,2.44,13.17,,,0,0.00%,MAIN,836963,65468,436,1001711,
18429,"Kansas City Chiefs",,DST,KCC,TEN,147548,,0,0,0,0,0,0,0,0,0,0,0,0,7.95,7.95,7.95,0,0,0,0,0,0,0,3.36,13.39,7.04,46.9,4.1,2.98%,MAIN,339,8478,437,18429,
21686,"Marcus Mariota",,QB,WAS,PHI,147544,,30.07,19.04,199.35,1.16,0.86,6.38,27.63,0.18,0,0,0,0,15.7,15.65,15.65,226.98,1.34,226.98,1.34,27.63,0.18,0,9.62,23.44,,,0,0.00%,SAT,607843,8697,438,21686,
37006,"Jeremy McNichols",,RB,WAS,PHI,147544,,0,0,0,0,0,3.53,16.91,0.11,2.26,1.68,11.79,0.06,5.55,5.52,4.68,28.7,0.17,16.91,0.11,28.7,0.17,0,1.99,12.41,,,0,0.00%,SAT,837594,33426,439,37006,
4688250,"Chris Rodriguez",,RB,WAS,PHI,147544,,0,0,0,0,0,9.96,47.86,0.34,0.9,0.61,4.38,0.02,8.03,8,7.69,52.24,0.36,47.86,0.34,52.24,0.36,0,4.14,16.91,,,0,0.00%,SAT,1113403,55991,440,4688250,
8229072,"Jacory Croskey-Merritt",,RB,WAS,PHI,147544,,0,0,0,0,0,4.75,23.19,0.16,1.17,0.81,5.82,0.03,4.82,4.79,4.38,29.01,0.19,23.19,0.16,29.01,0.19,0,1.83,12.31,,,0,0.00%,SAT,1191186,144725,441,8229072,
982511,"Terry McLaurin",,WR,WAS,PHI,147544,,0,0,0,0,0,0,0,0,8.08,5.06,59.52,0.32,13.27,13.24,10.71,59.52,0.32,0,0,59.52,0.32,0,6.75,23.3,,,0,0.00%,SAT,836116,47334,442,982511,
982845,"Deebo Samuel",,WR,WAS,PHI,147544,,0,0,0,0,0,1.32,7.07,0.04,6.79,4.44,45.02,0.27,11.63,11.61,9.39,52.09,0.31,7.07,0.04,52.09,0.31,0,5.82,20.26,,,0,0.00%,SAT,835749,53421,443,982845,
8229073,"Jaylin Lane",,WR,WAS,PHI,147544,,0,0,0,0,0,0,0,0,1.62,0.88,10.86,0.06,2.32,2.32,1.88,10.86,0.06,0,0,10.86,0.06,0,0,6.38,,,0,0.00%,SAT,1214689,124669,444,8229073,
35415,"Chris Moore",,WR,WAS,PHI,147544,,0,0,0,0,0,0,0,0,0.89,0.58,6.75,0.04,1.49,1.49,1.2,6.75,0.04,0,0,6.75,0.04,0,0,2.98,,,0,0.00%,SAT,606551,26320,445,35415,
3491779,"Treylon Burks",,WR,WAS,PHI,147544,,0,0,0,0,0,0,0,0,2.48,1.44,16.34,0.1,3.67,3.66,2.94,16.34,0.1,0,0,16.34,0.1,0,0,9.93,,,0,0.00%,SAT,1172024,92317,446,3491779,
2862096,"John Bates",,TE,WAS,PHI,147544,,0,0,0,0,0,0,0,0,2.86,2.01,17.58,0.12,4.47,4.46,3.45,17.58,0.12,0,0,17.58,0.12,0,0.56,10.9,,,0,0.00%,SAT,944038,55153,447,2862096,
6228652,"Ben Sinnott",,TE,WAS,PHI,147544,,0,0,0,0,0,0,0,0,2.72,1.89,16.54,0.12,4.25,4.24,3.29,16.54,0.12,0,0,16.54,0.12,0,0.28,11.12,,,0,0.00%,SAT,1228920,143148,448,6228652,
1844430,"Lawrence Cager",,TE,WAS,PHI,147544,,0,0,0,0,0,0,0,0,0.31,0.21,1.74,0.01,0.44,0.44,0.33,1.74,0.01,0,0,1.74,0.01,0,0,0.88,,,0,0.00%,SAT,880123,52406,449,1844430,
4688162,"Jake Moody",,K,WAS,PHI,147544,,0,0,0,0,0,0,0,0,0,0,0,0,7.46,7.46,7.46,0,0,0,0,0,0,6.49,2.72,13.91,,,0,0.00%,SAT,1130237,139487,450,4688162,
18437,"Philadelphia Eagles",,DST,PHI,WAS,147544,,0,0,0,0,0,0,0,0,0,0,0,0,7.89,7.89,7.89,0,0,0,0,0,0,0,2.83,14.86,,,0,0.00%,SAT,354,8486,451,18437,
