PLAYERID,PLAYER,SALARY,POS,TEAM,OPP,SCHEDULE_ID,PARTNERID,EVEN_STRENGTH,POWER_PLAY,GOALIE_STATUS,G,AST,SOG,BLK,W,SV,GA,SO,PPG,PPA,PTS,PPPTS,FPTS,FPTS/$,SDK,SFD,REFID,FLOOR,CEIL,POWN,SDPARTNERID,RGID,HITS,UD,TOI,TEAM_ID,CORE_TEAM,CORE_ID,HOME,OWNERSHIP
31746,"Radek Faksa",2500,C,DAL,ANA,8402510,659857,4,,,0.0705,0.106,0.6958,0.6543,0,0,0,0,0,0,0.1765,0,3.28,1.31,4.46,6.32,1,0,8.99,0.3,,31746,1.098,2.75,11.1,181,1954,30523,0,
18467,"Anthony Duclair",3000,W,NYI,VAN,8402460,743259,3,1,,0.2099,0.2922,1.5195,0.4771,0,0,0,0,0.0639,0.1155,0.5021,0.1794,6.45,2.15,6.55,9.34,2,0,14.83,3,,18467,0.572,4.8,15.2,156,2135,30344,1,
36584,"Clayton Keller",7200,W,UTA,NJD,8402550,920216,1,1,,0.3858,0.6093,2.646,0.4868,0,0,0,0,0.113,0.2235,0.9951,0.3365,11.74,1.63,8.76,12.65,3,2.66,22.95,8.4,,36584,0.343,8.22,19.6,183,2005,32089,1,
35829,"Logan Stanley",2500,D,WPG,COL,8402530,920227,3,,,0.0275,0.1527,0.7492,1.4331,0,0,0,0,0,0,0.1802,0,4.63,1.85,4.65,6.51,4,0,10.58,0.1,,35829,1.36,3.64,14.1,169,53599,82920,0,
18484,"Adam Lowry",2700,C,WPG,COL,8402530,607959,3,,,0.1269,0.1656,1.1518,0.8724,0,0,0,0,0,0,0.2925,0,5.15,1.91,5.23,7.4,5,0,11.84,1.4,,18484,1.816,4.36,14.4,169,53599,30843,0,
34619,"Scott Wedgewood",8200,G,COL,WPG,8402530,554543,,,C,0,0,0,0,0.7015,22.1922,2.4985,0.0932,0,0,0,0,11.92,1.45,7.46,9.81,6,4.19,21.47,14.3,,34619,0,10.03,,176,2155,29973,1,
14246,"Casey Cizikas",2500,C,NYI,VAN,8402460,521884,4,,,0.1022,0.1143,0.8912,0.64,0,0,0,0,0,0,0.2165,0,3.87,1.55,5.01,7.06,7,0,10.28,0.3,,14246,1.838,3.52,10.8,156,2135,30928,1,
5721344,"Cutter Gauthier",6700,W,ANA,DAL,8402510,1394905,1,2,,0.3732,0.3947,3.1173,0.5084,0,0,0,0,0.0676,0.0706,0.7679,0.1382,11.46,1.71,8.37,11.83,8,2.79,22.17,11.5,,5721344,0.974,8,16.7,180,1997,204709,1,
556106,"Jalen Chatfield",2600,D,CAR,FLA,8402480,893575,2,,,0.0731,0.1804,1.3729,1.2145,0,0,0,0,0,0,0.2535,0,5.75,2.21,4.93,6.91,9,0.64,12.06,0.8,,556106,0.989,4.24,19.2,165,2181,37855,0,
18681,"Ryan Pulock",4100,D,NYI,VAN,8402460,741446,1,,,0.0753,0.3239,1.3808,1.9694,0,0,0,0,0,0,0.3992,0,8,1.95,5.73,8.21,10,2.06,15.33,2.5,,18681,1.493,5.84,22,156,2135,30776,1,
14298,"Sergei Bobrovsky",7600,G,FLA,CAR,8402480,545448,,,C,0,0,0,0,0.4651,26.2144,3.0262,0.0556,0,0,0,0,12.18,1.6,8.6,10.87,11,3.27,23.19,13.5,,14298,0,9.44,,166,2047,30440,1,
18545,"Shayne Gostisbehere",5200,D,CAR,FLA,8402480,680770,2,1,,0.1283,0.5033,1.7392,1.1954,0,0,0,0,0.0687,0.2409,0.6316,0.3096,8.44,1.62,6.61,9.65,12,1.59,16.9,2.2,,18545,0.666,6.21,20.3,165,2181,30044,0,
17367,"Vladislav Namestnikov",3000,C,WPG,COL,8402530,600129,2,2,,0.1319,0.2193,1.1978,0.6914,0,0,0,0,0.0185,0.0343,0.3512,0.0528,5.23,1.74,5.41,7.7,13,0,12.15,0.8,,17367,1.17,4.17,14.7,169,53599,30823,0,
6082975,"Liam Ohgren",2500,W,VAN,NYI,8402460,1394917,4,,,0.0862,0.1038,0.9686,0.3954,0,0,0,0,0,0,0.19,0,3.4,1.36,4.96,7.01,14,0,9.75,0.1,,6082975,1.019,2.81,9.3,179,2129,204718,0,
35781,"Mikhail Sergachev",5800,D,UTA,NJD,8402550,920218,1,1,,0.1294,0.5742,1.9573,1.9316,0,0,0,0,0.0633,0.1721,0.7036,0.2354,10.65,1.84,7.24,10.54,15,3.15,19.92,7,,35781,0.979,7.57,23.8,183,2005,31482,1,
17033,"Gustav Nyquist",2500,W,WPG,COL,8402530,593067,4,2,,0.1144,0.2058,1.0994,0.4231,0,0,0,0,0.0177,0.0464,0.3202,0.0641,4.4,1.76,5.33,7.63,16,0,11.22,0.3,,17033,0.525,3.33,12.9,169,53599,30809,0,
17113,"Valeri Nichushkin",4600,W,COL,WPG,8402530,741413,2,2,,0.3458,0.3169,2.1782,0.364,0,0,0,0,0.022,0.0429,0.6627,0.0649,8.72,1.9,7.93,11.26,17,0.5,18.87,7.1,,17113,1.118,6.48,16.4,176,2155,30530,1,
896240,"Victor Olofsson",3100,W,COL,WPG,8402530,831548,3,2,,0.1899,0.1974,1.4425,0.2401,0,0,0,0,0.0311,0.0337,0.3873,0.0648,5.27,1.7,5.74,8.08,18,0,12.62,2.2,,896240,0.413,3.85,11.1,176,2155,81307,1,
17150,"Taylor Hall",2800,W,CAR,FLA,8402480,550751,4,2,,0.1545,0.2716,1.4457,0.4637,0,0,0,0,0.0306,0.0758,0.4261,0.1064,5.71,2.04,5.63,8.05,19,0,12.92,1.6,,17150,0.599,4.28,13.3,165,2181,30960,0,
14204,"Alex Killorn",2700,W,ANA,DAL,8402510,651621,1,,,0.2005,0.2352,1.4961,0.3667,0,0,0,0,0,0,0.4357,0,5.85,2.17,6.39,9.05,20,0,14.03,4.6,,14204,0.971,4.49,15.4,180,1997,30512,1,
34841,"Ross Johnston",2500,W,ANA,DAL,8402510,789848,4,,,0.0511,0.1128,0.5481,0.3774,0,0,0,0,0,0,0.1639,0,2.47,0.99,4.41,6.27,21,0,8.11,0.1,,34841,2.352,2.86,9.3,180,1997,30771,1,
2296000,"Anton Lundell",5000,C,FLA,CAR,8402480,1248081,1,2,,0.248,0.394,2.0947,0.9262,0,0,0,0,0.0289,0.0716,0.642,0.1005,9.05,1.81,7.2,10.31,22,1.59,18.27,9.5,,2296000,1.3,6.79,18.7,166,2047,158644,1,
18811,"Connor Hellebuyck",7200,G,WPG,COL,8402530,681454,,,B,0,0,0,0,0.3279,27.8805,3.5456,0.0307,0,0,0,0,11.34,1.58,9.97,12.19,23,1.01,24.1,11.6,,18811,0,8.06,,169,53599,30574,0,
6881419,"Justin Hryckowian",2500,W,DAL,ANA,8402510,1505690,3,,,0.1104,0.1588,0.9932,0.5273,0,0,0,0,0,0,0.2692,0,4.14,1.66,4.99,7.03,24,0,10.53,0.3,,6881419,1.353,3.49,12.2,181,1954,501678,0,
14293,"Jeff Petry",2500,D,FLA,CAR,8402480,542700,3,,,0.0281,0.179,0.59,1.5613,0,0,0,0,0,0,0.2071,0,4.77,1.91,4.87,6.88,25,0,11,0.1,,14293,1.299,3.69,13.4,166,2047,30496,1,
5277871,"Pavel Mintyukov",2500,D,ANA,DAL,8402510,1394908,2,,,0.048,0.2435,1.0362,1.1889,0,0,0,0,0,0,0.2915,0,5.25,2.1,5,7.13,26,0.07,11.65,0.8,,5277871,1.117,4.05,16.4,180,1997,204737,1,
16668,"Nathan MacKinnon",10000,C,COL,WPG,8402530,741404,1,1,,0.6152,0.9661,4.3404,0.6123,0,0,0,0,0.199,0.3942,1.5813,0.5932,19.55,1.96,11.8,17.01,27,7.33,34.65,21.9,,16668,0.712,13.16,21.4,176,2155,30677,1,
14516,"Jacob Markstrom",7300,G,NJD,UTA,8402550,547717,,,B,0,0,0,0,0.4651,24.9031,2.9465,0.0601,0,0,0,0,11.46,1.57,8.6,10.87,28,2.55,22.47,11,,14516,0,8.89,,155,1979,30346,0,
34423,"Frank Vatrano",2800,W,ANA,DAL,8402510,866948,3,2,,0.2132,0.198,1.9664,0.6126,0,0,0,0,0.0508,0.0526,0.4112,0.1034,6.97,2.49,6.44,8.95,29,0.3,15.21,9.2,,34423,1.531,5.47,13.3,180,1997,30382,1,
34544,"Esa Lindell",4300,D,DAL,ANA,8402510,680652,1,2,,0.073,0.2443,1.2993,2.5749,0,0,0,0,0.0122,0.022,0.3173,0.0342,8.6,2,5.45,7.6,30,2.95,15.58,3.3,,34544,0.909,5.76,23.5,181,1954,30528,0,
18556,"Josh Manson",2700,D,COL,WPG,8402530,612926,2,,,0.0652,0.2231,1.3254,1.2297,0,0,0,0,0,0,0.2883,0,5.86,2.17,5.11,7.24,31,0.57,12.4,1.4,,18556,2.266,4.97,17.4,176,2155,30652,1,
16784,"Luke Glendening",2500,C,NJD,UTA,8402550,656728,4,,,0.0612,0.0652,0.6173,0.702,0,0,0,0,0,0,0.1264,0,2.96,1.18,4.31,6.05,32,0,8.48,0.1,,16784,1.127,2.51,10.5,155,1979,30617,0,
14453,"Tyler Myers",3100,D,VAN,NYI,8402460,456704,2,,,0.0414,0.1966,1.0179,2.0624,0,0,0,0,0,0,0.238,0,6.65,2.15,5.08,7.09,33,1.39,13.15,2.2,,14453,1.44,4.84,21.8,179,2129,31072,0,
18503,"Jonathan Drouin",3800,W,NYI,VAN,8402460,741406,1,1,,0.1837,0.5237,1.6304,0.4115,0,0,0,0,0.056,0.193,0.7074,0.249,7.52,1.98,7.2,10.65,34,0.06,16.74,7,,18503,0.556,5.64,18.4,156,2135,30507,1,
17276,"Nino Niederreiter",2900,W,WPG,COL,8402530,550755,2,2,,0.1689,0.1607,1.5072,0.5087,0,0,0,0,0.0269,0.028,0.3296,0.0549,5.44,1.88,5.77,8.11,35,0,12.83,0.8,,17276,1.458,4.43,13.5,169,53599,30295,0,
16713,"Seth Jones",4500,D,FLA,CAR,8402480,741407,2,1,,0.0808,0.4202,1.6037,1.8665,0,0,0,0,0.0382,0.162,0.501,0.2002,8.64,1.92,6.45,9.29,36,1.96,16.9,4.4,,16713,1.31,6.39,23.7,166,2047,30026,1,
2295968,"Seth Jarvis",7400,W,CAR,FLA,8402480,1248085,1,1,,0.3791,0.396,2.5583,0.702,0,0,0,0,0.1127,0.1158,0.7751,0.2285,10.75,1.45,8.27,11.75,37,2.18,21.34,4.8,,2295968,1.331,7.9,19.6,165,2181,158546,0,
2295667,"Dawson Mercer",4200,W,NJD,UTA,8402550,1207495,1,2,,0.2919,0.2922,1.8334,0.7289,0,0,0,0,0.0319,0.0385,0.5841,0.0704,8.11,1.93,7.13,10.11,38,0.72,17.24,7.9,,2295667,0.589,5.81,18.2,155,1979,158585,0,
34466,"Jaccob Slavin",2700,D,CAR,FLA,8402480,681436,3,,,0.0482,0.2053,1.0994,1.3607,0,0,0,0,0,0,0.2535,0,5.53,2.05,5.06,7.2,39,0.29,12.01,0.1,,34466,0.455,3.8,15.5,165,2181,30416,0,
5241875,"Max Sasson",2500,C,VAN,NYI,8402460,1443094,4,,,0.1123,0.115,0.9292,0.5056,0,0,0,0,0,0,0.2273,0,3.8,1.52,4.99,7.03,40,0,10.19,0.3,,5241875,0.687,2.91,10.3,179,2129,289518,0,
2296463,"Mavrik Bourque",3000,W,DAL,ANA,8402510,1248097,3,2,,0.1573,0.206,1.4572,0.5154,0,0,0,0,0.0235,0.0363,0.3633,0.0598,5.5,1.83,5.46,7.74,41,0,12.49,1.1,,2296463,0.68,4.11,13.5,181,1954,158700,0,
34615,"Connor Brown",3000,W,NJD,UTA,8402550,681515,2,2,,0.1976,0.261,1.6609,0.6144,0,0,0,0,0.0196,0.0353,0.4586,0.0549,6.64,2.21,6.17,8.75,42,0.25,14.54,6.1,,34615,0.501,4.78,17.8,155,1979,30264,0,
2299078,"Emil Heineman",3600,W,NYI,VAN,8402460,1248154,1,2,,0.3149,0.2672,1.9375,0.6622,0,0,0,0,0.0402,0.0391,0.5821,0.0793,8.25,2.29,7.13,10.11,43,0.86,17.38,14.7,,2299078,3.372,7.28,16.9,156,2135,158640,1,
14130,"Mikael Granlund",3800,C,ANA,DAL,8402510,550759,3,1,,0.1814,0.4748,1.8003,0.589,0,0,0,0,0.0575,0.2054,0.6562,0.2629,7.85,2.07,6.93,10.11,44,0.67,16.72,12.5,,14130,0.74,5.88,17.4,180,1997,30288,1,
1283126,"Eetu Luostarinen",3300,W,FLA,CAR,8402480,1057150,1,2,,0.1691,0.3202,1.4437,0.9909,0,0,0,0,0.0248,0.0521,0.4893,0.0769,6.98,2.12,6.39,9.16,45,0.36,15.16,5.2,,1283126,2.001,5.77,17.4,166,2047,91962,1,
10148334,"Max Shabanov",3400,W,NYI,VAN,8402460,1349311,3,1,,0.1975,0.3152,1.7419,0.4014,0,0,0,0,0.0606,0.1044,0.5127,0.165,6.71,1.97,6.37,9.12,46,0.11,14.86,3.5,,10148334,0.908,5.13,16.3,156,2135,624202,1,
2296373,"Marco Rossi",4700,C,VAN,NYI,8402460,1248078,1,1,,0.2558,0.3581,1.8956,0.5945,0,0,0,0,0.0571,0.0955,0.6139,0.1526,8.04,1.71,6.83,9.77,47,0.96,16.78,8.2,,2296373,0.858,5.96,20,179,2129,158616,0,
2581887,"Dylan Samberg",3000,D,WPG,COL,8402530,1057151,2,,,0.0395,0.1945,1.0983,2.2228,0,0,0,0,0,0,0.234,0,7.03,2.34,5.08,7.09,48,1.77,13.53,3.6,,2581887,1.151,4.91,20.1,169,53599,161771,0,
9011929,"Matthew Schaefer",6000,D,NYI,VAN,8402460,1562161,1,1,,0.1935,0.4736,2.7561,1.5165,0,0,0,0,0.0881,0.1119,0.6671,0.2,11.32,1.89,7.43,10.55,49,3.62,20.83,10.6,,9011929,0.991,7.92,25,156,2135,622914,1,
34441,"Adam Pelech",3400,D,NYI,VAN,8402460,680616,2,,,0.0607,0.2718,1.6047,1.6785,0,0,0,0,0,0,0.3325,0,7.34,2.16,5.45,7.72,50,1.69,14.32,5.4,,34441,1.185,5.33,21.6,156,2135,30063,1,
2296089,"Cole Perfetti",3700,W,WPG,COL,8402530,1248079,2,1,,0.1906,0.2821,1.6969,0.5344,0,0,0,0,0.0508,0.0937,0.4727,0.1445,6.61,1.79,6.17,8.76,51,0.22,14.51,1.1,,2296089,0.779,4.97,15.2,169,53599,158621,0,
6417603,"Beckett Sennecke",3900,W,ANA,DAL,8402510,1517414,2,2,,0.2459,0.4071,1.9777,0.3513,0,0,0,0,0.0405,0.0753,0.653,0.1158,7.94,2.04,7.15,10.26,52,0.53,17.09,10.8,,6417603,1.062,6.02,15.8,180,1997,449326,1,
2299549,"Ian Moore",2600,D,ANA,DAL,8402510,1248200,3,,,0.0401,0.1807,1.0439,1.3217,0,0,0,0,0,0,0.2208,0,5.12,1.97,4.88,6.87,53,0.06,11.37,0.3,,2299549,0.899,3.78,14.9,180,1997,158714,1,
37725,"Kailer Yamamoto",2500,W,UTA,NJD,8402550,1057131,4,,,0.1249,0.1531,0.8941,0.3617,0,0,0,0,0,0,0.278,0,3.81,1.52,4.96,7.01,54,0,10.16,0.3,,37725,0.735,2.99,10.8,183,2005,37911,1,
5284135,"Marc Gatcomb",2500,W,NYI,VAN,8402460,1418856,4,,,0.1239,0.0966,0.9126,0.4502,0,0,0,0,0,0,0.2205,0,3.68,1.47,4.97,7.02,55,0,10.04,0.3,,5284135,2.755,3.87,10.1,156,2135,246325,1,
1286329,"Parker Kelly",2500,W,COL,WPG,8402530,1078252,4,,,0.104,0.1174,1.0578,0.6372,0,0,0,0,0,0,0.2214,0,4.15,1.66,5.05,7.09,56,0,10.61,0.1,,1286329,1.781,3.68,11.6,176,2155,82899,1,
37681,"Martin Necas",6400,W,COL,WPG,8402530,1057110,1,1,,0.3684,0.6788,2.3493,0.3387,0,0,0,0,0.1209,0.2219,1.0472,0.3428,11.12,1.74,9.09,13.24,57,1.7,22.76,7.7,,37681,0.979,8.27,20,176,2155,37907,1,
4200012,"Dylan Guenther",6600,W,UTA,NJD,8402550,1321462,2,1,,0.3734,0.4471,3.0058,0.5695,0,0,0,0,0.1226,0.1548,0.8205,0.2774,11.62,1.76,8.6,12.24,58,2.71,22.63,6.3,,4200012,0.919,8.2,17.2,183,2005,165064,1,
37639,"Nico Hischier",6400,C,NJD,UTA,8402550,1057099,1,1,,0.361,0.4675,2.4781,0.8618,0,0,0,0,0.094,0.1228,0.8285,0.2168,11.09,1.73,8.52,12.19,59,2.26,22,11.6,,37639,0.747,7.86,21,155,1979,37901,0,
2298912,"JJ Peterka",5700,W,UTA,NJD,8402550,1207612,1,1,,0.3281,0.4728,2.4495,0.3296,0,0,0,0,0.0871,0.1442,0.8009,0.2313,9.87,1.73,8.47,12.14,60,1.1,20.71,9.6,,2298912,0.555,7.03,19.4,183,2005,158555,1,
2575612,"Morgan Barron",2500,W,WPG,COL,8402530,1057892,3,,,0.1167,0.1183,1.3658,0.6949,0,0,0,0,0,0,0.235,0,4.85,1.94,5.1,7.13,61,0,11.38,0.6,,2575612,1.719,4.09,12.5,169,53599,161740,0,
36276,"Liam O'Brien",2500,W,UTA,NJD,8402550,849162,4,,,0.0667,0.0924,0.8929,0.4183,0,0,0,0,0,0,0.1591,0,3.09,1.24,4.49,6.33,62,0,8.84,0.1,,36276,2.403,3.28,9.3,183,2005,30366,1,
1278929,"Jesper Boqvist",2500,W,FLA,CAR,8402480,1057144,4,,,0.1019,0.138,0.8598,0.4378,0,0,0,0,0,0,0.2399,0,3.6,1.44,4.97,7.02,63,0,9.96,0.1,,1278929,1.723,3.32,10.5,166,2047,91999,1,
4199985,"Mason McTavish",4000,C,ANA,DAL,8402510,1321452,2,2,,0.2164,0.3168,1.8908,0.45,0,0,0,0,0.0368,0.0734,0.5332,0.1102,7.23,1.81,6.82,9.75,64,0.16,15.96,7.8,,4199985,0.961,5.44,15.3,180,1997,165136,1,
186959,"Eric Robinson",2500,W,CAR,FLA,8402480,1111033,3,,,0.1189,0.1419,1.0974,0.2689,0,0,0,0,0,0,0.2608,0,3.87,1.55,4.99,7.03,65,0,10.26,0.1,,186959,1.377,3.34,11.6,165,2181,39785,0,
6209651,"Elias-Nils Pettersson",2500,D,VAN,NYI,8402460,1395032,3,,,0.019,0.1337,0.5497,1.0382,0,0,0,0,0,0,0.1527,0,3.43,1.37,4.55,6.42,66,0,9.25,0,,6209651,1.269,2.87,13.5,179,2129,231588,0,40
37747,"Miro Heiskanen",5700,D,DAL,ANA,8402510,1057101,1,1,,0.1543,0.5877,2.2402,1.8286,0,0,0,0,0.0791,0.213,0.742,0.2921,11.22,1.97,7.16,10.45,67,3.8,20.38,15.6,,37747,0.628,7.81,26.1,181,1954,82268,0,
909414,"Ryan Poehling",3300,C,ANA,DAL,8402510,1057134,4,,,0.1212,0.1999,1.0828,0.9494,0,0,0,0,0,0,0.3211,0,5.3,1.61,5.23,7.4,68,0,11.99,0.6,,909414,0.565,3.84,12.7,180,1997,87751,1,
4901057,"Tom Willander",2500,D,VAN,NYI,8402460,1453002,3,,,0.0227,0.1498,0.6437,1.0233,0,0,0,0,0,0,0.1725,0,3.66,1.46,4.55,6.42,69,0,9.48,0.1,,4901057,0.7,2.75,13.1,179,2129,260611,0,
14422,"Ian Cole",3000,D,UTA,NJD,8402550,392959,3,,,0.0293,0.1799,0.7905,2.2505,0,0,0,0,0,0,0.2092,0,6.47,2.16,5.01,7.03,70,1.28,12.88,1.6,,14422,1.227,4.55,18.3,183,2005,30423,1,
6418015,"Zeev Buium",3300,D,VAN,NYI,8402460,1498146,2,1,,0.0834,0.3605,1.1805,0.8549,0,0,0,0,0.0386,0.0867,0.4439,0.1253,5.78,1.75,6.14,8.98,71,0,13.64,4.1,,6418015,0.883,4.48,20.5,179,2129,449332,0,
37746,"Roope Hintz",5300,C,DAL,ANA,8402510,878170,1,1,,0.3921,0.4847,2.1338,0.5751,0,0,0,0,0.1346,0.2081,0.8768,0.3427,10.33,1.95,8.95,12.85,72,1.06,21.79,15.1,,37746,0.742,7.54,17.8,181,1954,37812,0,
1283920,"Joel Kiviranta",2500,W,COL,WPG,8402530,1166552,4,,,0.0863,0.0993,0.7775,0.3574,0,0,0,0,0,0,0.1856,0,3.02,1.21,4.93,6.98,73,0,9.33,0.1,,1283920,1.192,2.65,10,176,2155,92104,1,
942480,"Cale Makar",8000,D,COL,WPG,8402530,1057102,1,1,,0.324,0.8453,2.8648,1.5155,0,0,0,0,0.1722,0.3252,1.1693,0.4974,14.85,1.86,9.73,14.16,74,4.77,27.3,13.1,,942480,0.78,10.34,25.1,176,2155,87789,1,
414594,"Nils Lundkvist",2500,D,DAL,ANA,8402510,1121474,2,,,0.0397,0.148,1.0434,1.0645,0,0,0,0,0,0,0.1877,0,4.48,1.79,4.65,6.5,75,0,10.43,0.1,,414594,0.731,3.3,13.4,181,1954,75390,0,
4605480,"Luke Hughes",4400,D,NJD,UTA,8402550,1321454,2,1,,0.1265,0.4788,2.1545,1.0216,0,0,0,0,0.0381,0.1378,0.6053,0.1759,8.73,1.98,6.71,9.72,76,1.78,17.32,14.8,,4605480,0.515,6.2,23.5,155,1979,165019,0,
414868,"Andrei Svechnikov",5300,W,CAR,FLA,8402480,1121431,1,1,,0.279,0.4382,2.4108,0.3683,0,0,0,0,0.0935,0.1597,0.7172,0.2532,9.24,1.74,7.7,10.97,77,1.26,19.1,7,,414868,1.847,7.26,17.2,165,2181,75375,0,
414593,"K'Andre Miller",3200,D,CAR,FLA,8402480,1121464,1,,,0.0977,0.2615,1.4843,1.5117,0,0,0,0,0,0,0.3592,0,7.09,2.22,5.86,8.29,78,1.02,14.59,1.4,,414593,1.603,5.43,20.1,165,2181,75389,0,
415537,"Paul Cotter",2500,W,NJD,UTA,8402550,1121585,3,2,,0.1897,0.1715,1.3782,0.4581,0,0,0,0,0.0229,0.0252,0.3612,0.0481,5.38,2.15,5.7,8.05,79,0,12.68,1.6,,415537,2.797,5.08,14.8,155,1979,75370,0,
414803,"Angus Crookshank",2500,W,NJD,UTA,8402550,1121596,4,,,0.0928,0.1074,0.8655,0.4621,0,0,0,0,0,0,0.2002,0,3.42,1.37,4.97,7.02,80,0,9.78,0.1,,414803,0.818,2.72,8.9,155,1979,75437,0,
1283916,"Jason Robertson",8300,W,DAL,ANA,8402510,1057147,1,1,,0.5312,0.6146,3.3583,0.5794,0,0,0,0,0.1875,0.2714,1.1458,0.4589,14.78,1.78,10.14,14.43,81,4.27,27.76,17.3,,1283916,0.842,10.23,19.6,181,1954,82258,0,
5273644,"Uvis Balinskis",2500,D,FLA,CAR,8402480,906398,3,,,0.0259,0.1431,0.6889,0.9424,0,0,0,0,0,0,0.169,0,3.58,1.43,4.5,6.36,82,0,9.34,0.1,,5273644,1.13,2.92,13.1,166,2047,263498,1,
4200212,"Wyatt Johnston",6300,C,DAL,ANA,8402510,1321477,2,1,,0.4101,0.504,2.5866,0.7101,0,0,0,0,0.1336,0.177,0.9141,0.3106,11.67,1.85,9.05,12.93,83,2.29,23.25,18.3,,4200212,0.618,8.24,20.3,181,1954,165117,0,
2299043,"Alexander Nikishin",2900,D,CAR,FLA,8402480,1188993,3,2,,0.0892,0.2483,1.6855,1.2579,0,0,0,0,0.0289,0.0453,0.3375,0.0742,6.8,2.34,5.69,7.96,84,0.91,14.08,2.5,,2299043,1.448,5.23,16.5,165,2181,158548,0,
415407,"Oskar Back",2500,W,DAL,ANA,8402510,1121531,4,,,0.0606,0.1422,0.5537,0.5323,0,0,0,0,0,0,0.2028,0,2.96,1.18,4.44,6.3,85,0,8.64,0.1,,415407,0.478,2.26,11.3,181,1954,75523,0,
414769,"Jesperi Kotkaniemi",2500,W,CAR,FLA,8402480,1121432,4,,,0.1073,0.18,1.0494,0.4375,0,0,0,0,0,0,0.2873,0,4.16,1.66,5.16,7.33,86,0,10.76,0,,414769,0.816,3.26,10.7,165,2181,75403,0,40
37773,"Cody Glass",2900,C,NJD,UTA,8402550,1057104,2,2,,0.1797,0.2035,1.7052,0.5738,0,0,0,0,0.0232,0.0323,0.3832,0.0555,6.19,2.13,6,8.45,87,0,13.87,7.1,,37773,0.841,4.62,14.6,155,1979,76713,0,
414867,"Jack Drury",2500,C,COL,WPG,8402530,1121498,4,,,0.1033,0.1786,1.1755,0.5875,0,0,0,0,0,0,0.2819,0,4.56,1.82,5.18,7.34,88,0,11.19,0.9,,414867,0.567,3.38,13,176,2155,75374,1,
4783915,"Mackie Samoskevich",2900,W,FLA,CAR,8402480,1321478,3,2,,0.1843,0.2901,1.9054,0.5899,0,0,0,0,0.033,0.0579,0.4744,0.0909,7.04,2.43,6.17,8.75,89,0.65,14.94,9.2,,4783915,1.89,5.75,14.6,166,2047,165068,1,
1278992,"Kyle MacLean",2500,W,NYI,VAN,8402460,1139989,4,,,0.0949,0.1274,0.9111,0.3519,0,0,0,0,0,0,0.2223,0,3.43,1.37,4.96,7.01,90,0,9.78,0.1,,1278992,1.531,3.11,10.7,156,2135,83306,1,
18978,"Mikko Rantanen",7300,W,DAL,ANA,8402510,878041,2,1,,0.4615,0.7373,2.7516,0.6261,0,0,0,0,0.1851,0.3447,1.1988,0.5298,13.63,1.87,10.33,14.87,91,2.93,26.85,14.9,,18978,0.665,9.69,21,181,1954,30679,0,
555945,"Niko Mikkola",2600,D,FLA,CAR,8402480,878283,2,,,0.0395,0.1581,0.9346,1.7813,0,0,0,0,0,0,0.1976,0,5.71,2.2,4.77,6.64,92,0.77,11.82,0.1,,555945,2.022,4.6,20.3,166,2047,82506,1,
37902,"Nick DeSimone",2500,D,UTA,NJD,8402550,977030,3,,,0.0556,0.1788,1.2043,1.2487,0,0,0,0,0,0,0.2344,0,5.36,2.14,4.93,6.91,93,0.25,11.67,1.4,,37902,0.975,3.99,15.8,183,2005,38122,1,
2554944,"Drew O'Connor",2500,C,VAN,NYI,8402460,1213469,3,,,0.1358,0.1713,1.3543,0.5997,0,0,0,0,0,0,0.3071,0,5.11,2.04,5.23,7.38,94,0,11.8,2.7,,2554944,0.845,3.88,13.7,179,2129,161685,0,
5283547,"Xavier Parent",2500,W,NJD,UTA,8402550,1418818,4,,,0.0819,0.1069,0.7491,0.3167,0,0,0,0,0,0,0.1888,0,2.91,1.16,4.92,6.97,95,0,9.21,0.1,,5283547,0.837,2.4,8.9,155,1979,246441,0,
35803,"Haydn Fleury",2500,D,WPG,COL,8402530,831072,3,,,0.0221,0.1133,0.7282,1.7649,0,0,0,0,0,0,0.1354,0,4.99,2,4.74,6.61,96,0.08,11.06,0,,35803,1.202,3.68,15.6,169,53599,30144,0,40
4900460,"Calum Ritchie",3100,C,NYI,VAN,8402460,1453028,3,2,,0.177,0.2016,1.4787,0.4973,0,0,0,0,0.0273,0.0362,0.3786,0.0635,5.65,1.82,5.91,8.38,97,0,13.21,1.7,,4900460,0.694,4.22,12.7,156,2135,260597,1,
18972,"Lawson Crouse",3500,W,UTA,NJD,8402550,878042,2,2,,0.2561,0.2096,1.8434,0.7782,0,0,0,0,0.0301,0.0309,0.4657,0.061,7.46,2.13,6.5,9.15,98,0.73,15.78,6.5,,18972,2.414,6.23,16.8,183,2005,30002,1,
4601328,"Jackson LaCombe",5100,D,ANA,DAL,8402510,1172231,1,1,,0.1435,0.4928,2.2009,1.8653,0,0,0,0,0.065,0.121,0.6363,0.186,10.65,2.09,6.9,9.93,99,3.5,19.48,16,,4601328,1.11,7.55,25.5,180,1997,263305,1,
415370,"Lukas Dostal",7400,G,ANA,DAL,8402510,1121544,,,C,0,0,0,0,0.5122,23.7776,3.2493,0.0442,0,0,0,0,9.75,1.32,8.6,10.87,100,0.84,20.76,2.6,,415370,0,7.59,,180,1997,75539,1,
415477,"Barrett Hayton",3400,C,UTA,NJD,8402550,1121434,2,2,,0.1692,0.2259,1.7106,0.5017,0,0,0,0,0.0242,0.0374,0.3951,0.0616,6.11,1.8,6,8.45,101,0,13.79,4.7,,415477,0.523,4.42,14.4,183,2005,75470,1,
14397,"Brent Burns",3800,D,COL,WPG,8402530,229384,2,,,0.1138,0.3214,1.905,1.0766,0,0,0,0,0,0,0.4352,0,7.43,1.96,6.04,8.63,102,1.17,15.16,2.5,,14397,0.443,5.17,18.6,176,2155,29903,1,
5283038,"Sam Malinski",2800,D,COL,WPG,8402530,1443503,3,,,0.0676,0.2218,1.494,1.1727,0,0,0,0,0,0,0.2894,0,6.01,2.15,5.12,7.23,103,0.71,12.56,2.8,,5283038,0.87,4.39,16.6,176,2155,290512,1,
555636,"Juho Lammikko",2500,C,NJD,UTA,8402550,831370,3,,,0.0954,0.1226,1.0689,0.5866,0,0,0,0,0,0,0.218,0,4.04,1.62,5.02,7.07,104,0,10.47,0.3,,555636,1.234,3.34,11.7,155,1979,37793,0,
34832,"Evan Rodrigues",3500,C,FLA,CAR,8402480,869892,3,2,,0.168,0.2832,1.8242,0.482,0,0,0,0,0.0273,0.0586,0.4512,0.0859,6.55,1.87,6.16,8.74,105,0.17,14.43,1.8,,34832,1.334,5.16,16.3,166,2047,30754,1,
17320,"Evander Kane",4000,W,VAN,NYI,8402460,504252,3,2,,0.2713,0.2303,2.3053,0.4104,0,0,0,0,0.0259,0.0362,0.5016,0.0621,7.93,1.98,7.16,9.98,106,0.51,17.09,5.7,,17320,2.144,6.37,16.3,179,2129,30749,0,
18846,"Tony DeAngelo",2900,D,NYI,VAN,8402460,831084,2,2,,0.0878,0.3152,1.5627,0.929,0,0,0,0,0.0231,0.0887,0.403,0.1118,6.34,2.19,5.92,8.53,107,0.21,13.92,5.2,,18846,0.615,4.64,17.3,156,2135,30506,1,
18979,"Brock Boeser",4700,W,VAN,NYI,8402460,878054,1,1,,0.293,0.3374,2.1431,0.4553,0,0,0,0,0.0785,0.0978,0.6304,0.1763,8.47,1.8,7.38,10.48,108,0.82,17.92,7.3,,18979,0.878,6.23,18.6,179,2129,32053,0,
2561280,"Nils Hoglander",2800,W,VAN,NYI,8402460,1172232,2,2,,0.1659,0.2265,1.3945,0.354,0,0,0,0,0.0216,0.0317,0.3924,0.0533,5.31,1.9,5.84,8.32,109,0,12.79,0.9,,2561280,1.231,4.29,13.9,179,2129,161720,0,
4904534,"Gavin Brindley",3400,W,COL,WPG,8402530,1431822,3,2,,0.1994,0.2259,1.6137,0.3821,0,0,0,0,0.0217,0.0315,0.4253,0.0532,6.01,1.77,5.91,8.37,110,0,13.57,0.6,,4904534,1.316,4.78,14,176,2155,260547,1,
14116,"Jordan Staal",3200,C,CAR,FLA,8402480,329562,3,1,,0.1736,0.2494,1.3314,0.6029,0,0,0,0,0.0195,0.0344,0.423,0.0539,5.8,1.81,5.86,8.34,111,0,13.3,3.1,,14116,1.655,4.83,16,165,2181,30131,0,
5307322,"Logan Stankoven",4400,C,CAR,FLA,8402480,1321657,2,2,,0.2037,0.3131,2.0678,0.4797,0,0,0,0,0.0305,0.0623,0.5168,0.0928,7.45,1.69,6.91,9.82,112,0.29,16.29,4.5,,5307322,0.72,5.43,15.5,165,2181,165125,0,
6082745,"Jackson Blake",4400,W,CAR,FLA,8402480,1321778,2,2,,0.2765,0.391,2.1411,0.4576,0,0,0,0,0.0997,0.1609,0.6675,0.2606,8.6,1.95,7.61,10.89,113,0.72,18.34,8.4,,6082745,0.462,6.18,18.1,165,2181,164973,0,
4900287,"Daniil But",2600,W,UTA,NJD,8402550,1420778,3,2,,0.1462,0.1982,1.5744,0.5068,0,0,0,0,0.0244,0.0384,0.3444,0.0628,5.54,2.13,5.3,7.44,114,0.05,12.32,0.6,,4900287,0.941,4.25,12.4,183,2005,260549,1,
1282856,"John Marino",2800,D,UTA,NJD,8402550,878330,2,,,0.0455,0.2887,0.93,1.4047,0,0,0,0,0,0,0.3342,0,5.7,2.04,5.22,7.52,115,0.29,12.38,0.3,,1282856,0.659,4.09,20.1,183,2005,88877,1,
37744,"Sam Steel",2600,C,DAL,ANA,8402510,920240,3,,,0.1082,0.1968,1.0204,0.481,0,0,0,0,0,0,0.305,0,4.28,1.65,5.16,7.33,116,0,10.88,0.9,,37744,0.827,3.35,14.2,181,1954,32287,0,
37707,"Filip Hronek",3200,D,VAN,NYI,8402460,920361,1,2,,0.0701,0.4305,1.4045,1.3844,0,0,0,0,0.0126,0.0539,0.5006,0.0665,7.35,2.3,5.92,8.6,117,1.22,14.93,8.9,,37707,1.598,5.76,24.3,179,2129,37845,0,
18831,"Nikolaj Ehlers",5500,W,CAR,FLA,8402480,831074,2,2,,0.266,0.3735,2.2478,0.4583,0,0,0,0,0.0533,0.0674,0.6395,0.1207,8.61,1.57,7.61,10.89,118,0.73,18.35,3,,18831,0.54,6.13,15.2,165,2181,30595,0,
35837,"Nick Schmaltz",6100,C,UTA,NJD,8402550,831085,1,1,,0.298,0.4906,2.1622,0.7005,0,0,0,0,0.0816,0.1629,0.7886,0.2445,9.78,1.6,7.88,11.36,119,1.62,19.87,11.7,,35837,0.371,6.92,19.9,183,2005,31457,1,
35805,"Sebastian Aho",7100,C,CAR,FLA,8402480,878154,1,1,,0.3577,0.5167,2.3027,0.4181,0,0,0,0,0.1086,0.2196,0.8744,0.3282,10.25,1.44,8.48,12.15,120,1.46,21.1,7.3,,35805,0.799,7.5,19.6,165,2181,31384,0,
1283915,"Thomas Harley",4000,D,DAL,ANA,8402510,1172200,2,2,,0.1203,0.3615,1.6396,1.9634,0,0,0,0,0.0255,0.0497,0.4818,0.0752,8.94,2.24,6.45,9.28,121,2.26,17.2,9.8,,1283915,0.728,6.17,22.2,181,1954,92099,0,
37760,"Sean Walker",3600,D,CAR,FLA,8402480,1077314,1,,,0.0937,0.2104,1.9928,1.7287,0,0,0,0,0,0,0.3041,0,8.07,2.24,5.87,8.13,122,1.99,15.58,4.3,,37760,1.443,5.85,20.3,165,2181,37933,0,
556151,"Kiefer Sherwood",3300,W,VAN,NYI,8402460,1110315,3,2,,0.2359,0.2447,2.0621,0.4565,0,0,0,0,0.0273,0.0328,0.4806,0.0601,7.33,2.22,6.56,9.19,123,0.53,15.73,6.4,,556151,4.58,7.23,16.6,179,2129,81331,0,
35733,"Devon Toews",3700,D,COL,WPG,8402530,831460,1,2,,0.0981,0.4159,1.6393,1.2935,0,0,0,0,0.0121,0.04,0.514,0.0521,7.74,2.09,6.29,9.12,124,1.22,15.79,3.7,,35733,0.802,5.61,22.3,176,2155,83302,1,
1286526,"Carter Verhaeghe",5800,W,FLA,CAR,8402480,743262,2,1,,0.3313,0.4601,2.5709,0.4182,0,0,0,0,0.1083,0.1595,0.7914,0.2678,10.2,1.76,8.48,12.14,125,1.41,21.05,6.7,,1286526,1.028,7.47,17.7,166,2047,30932,1,
14216,"Jonathan Toews",2500,C,WPG,COL,8402530,329563,4,2,,0.1294,0.178,1.1921,0.5133,0,0,0,0,0.021,0.0326,0.3074,0.0536,4.68,1.87,5.23,7.38,126,0,11.37,0.8,,14216,0.472,3.46,13.2,169,53599,30645,0,
189715,"Troy Terry",5400,W,ANA,DAL,8402510,878320,3,1,,0.2792,0.5269,2.4029,0.3361,0,0,0,0,0.0852,0.1431,0.8061,0.2283,9.65,1.79,8.25,11.94,127,1.1,20.21,11,,189715,0.241,6.76,18.2,180,1997,40284,1,
35782,"Artturi Lehkonen",5600,W,COL,WPG,8402530,743064,1,2,,0.3173,0.3352,2.112,0.4949,0,0,0,0,0.0196,0.0415,0.6525,0.0611,8.66,1.55,7.38,10.48,128,1.01,18.11,3.7,,35782,0.82,6.29,17.9,176,2155,31453,1,
4900255,"Leo Carlsson",6500,C,ANA,DAL,8402510,1432318,1,1,,0.3309,0.5635,2.3595,0.48,0,0,0,0,0.0941,0.17,0.8944,0.2641,10.49,1.61,8.76,12.65,129,1.41,21.7,12,,4900255,0.491,7.46,19.8,180,1997,260551,1,
18966,"Jake DeBrusk",4300,W,VAN,NYI,8402460,878045,1,1,,0.3133,0.2841,2.4003,0.559,0,0,0,0,0.0892,0.0824,0.5974,0.1716,9.01,2.1,7.31,10.25,130,1.44,18.37,13.2,,18966,1.117,6.62,17.4,179,2129,31011,0,
37696,"David Kampf",2700,C,VAN,NYI,8402460,1050068,2,,,0.0923,0.1779,1.1063,0.5861,0,0,0,0,0,0,0.2702,0,4.35,1.61,5.18,7.34,131,0,10.98,1.3,,37696,1.108,3.51,16.2,179,2129,37886,0,
556286,"Ilya Lyubushkin",2600,D,DAL,ANA,8402510,905986,3,,,0.0184,0.1517,0.6427,1.9977,0,0,0,0,0,0,0.1701,0,5.48,2.11,4.83,6.72,132,0.48,11.66,0.8,,556286,1.404,4.06,16.2,181,1954,81754,0,
415505,"Linus Karlsson",2500,W,VAN,NYI,8402460,1121547,4,2,,0.1265,0.139,1.174,0.2826,0,0,0,0,0.0225,0.029,0.2655,0.0515,4.06,1.62,4.99,7.03,133,0,10.45,0.1,,415505,1.031,3.31,10,179,2129,75549,0,
415040,"Adam Boqvist",2500,D,NYI,VAN,8402460,1121437,3,,,0.0422,0.1944,0.7336,0.818,0,0,0,0,0,0,0.2366,0,3.83,1.53,4.7,6.69,134,0,9.85,0.1,,415040,0.559,2.86,12.7,156,2135,75488,1,
37754,"Gabriel Vilardi",6000,W,WPG,COL,8402530,1057109,1,1,,0.288,0.3879,1.9825,0.7262,0,0,0,0,0.0756,0.1192,0.6759,0.1948,8.84,1.47,7.63,10.92,135,0.94,18.61,4,,37754,0.483,6.33,18.5,169,53599,37912,0,
35902,"Thatcher Demko",7500,G,VAN,NYI,8402460,831263,,,C,0,0,0,0,0.4545,23.8972,2.8412,0.0666,0,0,0,0,11,1.47,7.91,10.11,136,2.81,21.12,7.7,,35902,0,8.54,,179,2129,31823,0,
2074461,"Ilya Sorokin",7900,G,NYI,VAN,8402460,831384,,,C,0,0,0,0,0.5745,22.2907,2.5426,0.0885,0,0,0,0,11.33,1.43,7.43,9.73,137,3.63,20.84,10.9,,2074461,0,9.19,,156,2135,113222,1,
555669,"Ross Colton",3600,C,COL,WPG,8402530,920440,3,,,0.1912,0.1834,1.7389,0.507,0,0,0,0,0,0,0.3746,0,6.14,1.71,5.85,8.18,138,0.08,13.63,2.8,,555669,2.015,5.13,12.4,176,2155,82934,1,
35872,"Samuel Girard",2500,D,COL,WPG,8402530,920352,3,,,0.0404,0.2559,0.9154,1.1987,0,0,0,0,0,0,0.2963,0,5.08,2.03,5.16,7.45,139,0,11.68,0.8,,35872,0.881,3.82,16.7,176,2155,37843,1,
17260,"Gabriel Landeskog",4500,W,COL,WPG,8402530,600076,2,1,,0.308,0.4573,2.268,0.4282,0,0,0,0,0.1067,0.1677,0.7653,0.2744,9.43,2.1,7.86,11.34,140,1.29,19.49,13.4,,17260,1.379,7.2,17.1,176,2155,30676,1,
16708,"Mark Scheifele",7500,C,WPG,COL,8402530,600098,1,1,,0.3348,0.5225,2.0289,0.7106,0,0,0,0,0.0816,0.1348,0.8573,0.2164,10.04,1.34,8.69,12.6,141,1.04,21.16,6.2,,16708,0.791,7.34,20.3,169,53599,30603,0,
37755,"Alex Iafallo",2700,W,WPG,COL,8402530,999288,3,,,0.113,0.1459,1.1886,0.878,0,0,0,0,0,0,0.2589,0,4.99,1.85,5.13,7.16,142,0,11.56,0.5,,37755,0.842,3.75,13.3,169,53599,37880,0,
17369,"Anders Lee",4100,W,NYI,VAN,8402460,729821,2,2,,0.3225,0.2448,2.3978,0.4938,0,0,0,0,0.0469,0.036,0.5673,0.0829,8.76,2.14,7.74,10.81,143,0.74,18.67,14.6,,17369,1.405,6.55,14.8,156,2135,30049,1,
35820,"Jonas Siegenthaler",2800,D,NJD,UTA,8402550,878178,1,,,0.0362,0.1617,0.9746,1.9426,0,0,0,0,0,0,0.1979,0,6.08,2.17,5.05,7.06,144,0.85,12.54,0.6,,35820,1.419,4.49,19.8,155,1979,30881,0,
14212,"Chris Kreider",4900,W,ANA,DAL,8402510,504299,2,1,,0.3959,0.3013,2.3257,0.336,0,0,0,0,0.1261,0.0971,0.6972,0.2232,9.34,1.91,8.61,12.15,145,0.42,20.36,9,,14212,1.223,6.97,17.1,180,1997,30093,1,
37642,"Neal Pionk",3500,D,WPG,COL,8402530,1050025,2,2,,0.0673,0.2983,1.6394,1.9627,0,0,0,0,0.0146,0.0508,0.3656,0.0654,8.17,2.33,5.56,7.84,146,2.41,15.29,4.4,,37642,2.135,6.3,23,169,53599,37885,0,
17954,"Scott Mayfield",2500,D,NYI,VAN,8402460,607578,3,,,0.0402,0.1609,0.9257,1.5557,0,0,0,0,0,0,0.2011,0,5.32,2.13,4.93,6.93,147,0.21,11.63,0.3,,17954,1.196,3.96,16.7,156,2135,30772,1,
17097,"Alexander Petrovic",3100,D,DAL,ANA,8402510,554482,3,,,0.0397,0.1583,1.0502,1.473,0,0,0,0,0,0,0.198,0,5.3,1.71,4.72,6.58,148,0.41,11.34,0.7,,17097,1.273,4.03,14.9,181,1954,29939,0,
18733,"Dylan DeMelo",2700,D,WPG,COL,8402530,612980,1,,,0.025,0.2033,0.7486,1.8607,0,0,0,0,0,0,0.2283,0,5.69,2.11,5.19,7.35,149,0.31,12.33,0.3,,18733,1.641,4.39,20.6,169,53599,30997,0,
36126,"William Carrier",2500,W,CAR,FLA,8402480,743066,3,,,0.1155,0.143,1.2349,0.3842,0,0,0,0,0,0,0.2585,0,4.24,1.7,5.05,7.08,150,0,10.7,0.3,,36126,2.337,4.05,12.1,165,2181,30283,0,
18479,"Aaron Ekblad",3300,D,FLA,CAR,8402480,831066,1,2,,0.0777,0.3297,1.2288,1.6936,0,0,0,0,0.0212,0.0717,0.4074,0.0929,7.25,2.2,5.63,8.1,151,1.42,14.46,3.4,,18479,1.444,5.48,21.8,166,2047,30012,1,
17120,"Ondrej Palat",2700,W,NJD,UTA,8402550,615345,2,1,,0.1824,0.2805,1.405,0.7621,0,0,0,0,0.0503,0.0935,0.4629,0.1438,6.44,2.39,6.11,8.71,152,0.11,14.26,6.1,,17120,1.461,5.19,15.8,155,1979,30825,0,
556284,"Conor Garland",5200,W,VAN,NYI,8402460,878278,2,1,,0.2678,0.4063,2.3069,0.6556,0,0,0,0,0.0583,0.0994,0.6741,0.1577,9.23,1.78,7.73,11,153,1.22,19.12,6.2,,556284,0.746,6.65,20.1,179,2129,82984,0,
35730,"Mathew Barzal",5600,C,NYI,VAN,8402460,878047,1,1,,0.48,0.63,2.5604,0.6882,0,0,0,0,0.1062,0.244,1.11,0.3502,12.17,2.17,9.94,14.27,154,1.87,24.89,23.6,,35730,0.782,9.21,20.8,156,2135,30065,1,
555808,"Kevin Stenlund",2600,C,UTA,NJD,8402550,878179,4,,,0.1257,0.1454,1.0893,0.7886,0,0,0,0,0,0,0.2711,0,4.79,1.84,5.08,7.12,155,0,11.29,0.3,,555808,0.81,3.62,14.3,183,2005,83016,1,
35759,"Casey DeSmith",8000,G,DAL,ANA,8402510,916218,,,C,0,0,0,0,0.5238,26.8008,3.2147,0.046,0,0,0,0,12.25,1.53,8.6,10.87,156,3.34,23.26,11.4,,35759,0,9.58,,181,1954,37857,0,
37741,"Marcus Pettersson",2700,D,VAN,NYI,8402460,831265,1,,,0.0327,0.2962,0.9504,2.0838,0,0,0,0,0,0,0.3289,0,7,2.59,5.41,7.72,157,1.4,13.92,4.6,,37741,1.298,5.06,23.7,179,2129,37787,0,
31688,"Sam Reinhart",7000,W,FLA,CAR,8402480,831067,1,1,,0.4131,0.4683,2.4846,0.9876,0,0,0,0,0.1198,0.1527,0.8814,0.2725,11.79,1.68,9.09,12.97,158,2.37,23.43,8.4,,31688,1.163,8.54,21,166,2047,30753,1,
36133,"A.J. Greer",2500,W,FLA,CAR,8402480,878158,3,,,0.1178,0.1433,1.2269,0.5916,0,0,0,0,0,0,0.2611,0,4.59,1.84,5.08,7.11,159,0,11.09,1.1,,36133,2.749,4.47,12.1,166,2047,83028,1,
18974,"Kyle Connor",8500,W,WPG,COL,8402530,878048,1,1,,0.4306,0.5659,2.9361,0.5184,0,0,0,0,0.1035,0.1892,0.9965,0.2927,12.49,1.47,9.4,13.47,160,2.75,24.52,5.3,,18974,0.42,8.66,20.7,169,53599,31419,0,
17273,"Jamie Benn",3500,W,DAL,ANA,8402510,458860,1,2,,0.1998,0.2914,1.585,0.6432,0,0,0,0,0.0227,0.0512,0.4912,0.0739,6.74,1.93,6.11,8.71,161,0.41,14.56,6.6,,17273,1.393,5.33,14.3,181,1954,31075,0,
16709,"Jacob Trouba",4200,D,ANA,DAL,8402510,659853,1,,,0.0745,0.2829,1.8925,2.3123,0,0,0,0,0,0,0.3574,0,9.26,2.2,5.78,8.05,162,3.27,16.66,6.6,,16709,2.439,7,22.3,180,1997,30607,1,
31742,"Brett Pesce",3000,D,NJD,UTA,8402550,743233,2,,,0.0585,0.2189,1.318,2.2099,0,0,0,0,0,0,0.2774,0,7.67,2.56,5.31,7.44,163,2.17,14.47,5.8,,31742,0.555,5.03,21.5,155,1979,30141,0,
18800,"Stefan Noesen",2900,W,NJD,UTA,8402550,600123,3,1,,0.2301,0.2779,1.7327,0.4021,0,0,0,0,0.0675,0.104,0.508,0.1715,6.78,2.34,6.62,9.4,164,0,15.25,6,,18800,1.614,5.52,16,155,1979,30659,0,
839626,"Colton White",2500,D,NJD,UTA,8402550,878236,3,,,0.0149,0.1148,0.5408,0.8746,0,0,0,0,0,0,0.1297,0,3,1.2,4.5,6.36,165,0,8.76,0.1,,839626,0.777,2.35,11.5,155,1979,29983,0,
17080,"Ryan Strome",2600,W,ANA,DAL,8402510,600079,4,2,,0.1107,0.2578,1.0393,0.2449,0,0,0,0,0.0236,0.0732,0.3685,0.0968,4.26,1.64,5.5,7.94,166,0,11.3,0.1,,17080,0.497,3.28,10.9,180,1997,30778,1,
1279000,"Simon Holmstrom",3200,W,NYI,VAN,8402460,1172205,2,2,,0.2319,0.2283,1.2566,0.7084,0,0,0,0,0.0297,0.036,0.4602,0.0657,6.27,1.96,6.37,9.04,167,0,14.42,3.4,,1279000,0.435,4.52,16.5,156,2135,91941,1,
4597656,"Brandon Bussi",7800,G,CAR,FLA,8402480,1381557,,,C,0,0,0,0,0.5595,24.3867,2.7716,0.0721,0,0,0,0,12.03,1.54,7.96,10.26,168,3.78,22.22,9.6,,4597656,0,9.67,,165,2181,246108,0,
414835,"Sean Durzi",3900,D,UTA,NJD,8402550,1121507,1,2,,0.0884,0.3334,1.6748,2.0777,0,0,0,0,0.0257,0.0656,0.4218,0.0913,8.81,2.26,6.25,8.86,169,2.34,16.81,6.7,,414835,0.848,6.09,20.2,183,2005,75427,1,
415298,"Jack McBain",2800,C,UTA,NJD,8402550,1121518,3,,,0.1477,0.1874,1.152,0.7723,0,0,0,0,0,0,0.3351,0,5.26,1.88,5.2,7.36,170,0,11.92,3,,415298,3.37,5.25,14.5,183,2005,75446,1,
16694,"Jean-Gabriel Pageau",3700,C,NYI,VAN,8402460,610574,2,,,0.1825,0.2376,1.3402,0.842,0,0,0,0,0,0,0.4201,0,6.25,1.69,5.91,8.39,171,0.13,13.81,3.8,,16694,1.885,5.17,16,156,2135,30739,1,
14182,"Brad Marchand",6800,W,FLA,CAR,8402480,414433,2,1,,0.3357,0.511,2.456,0.6006,0,0,0,0,0.1094,0.2302,0.8467,0.3396,10.62,1.56,8.49,12.15,172,1.82,21.49,3.8,,14182,1.202,7.89,18.8,166,2047,29852,1,
14311,"Dougie Hamilton",4800,D,NJD,UTA,8402550,600102,1,2,,0.1499,0.3479,2.5173,1.4383,0,0,0,0,0.0573,0.0714,0.4978,0.1287,9.7,2.02,6.31,8.86,173,3.16,17.78,9.2,,14311,1.198,6.91,22.8,155,1979,29848,0,
17315,"Tanner Pearson",2500,W,WPG,COL,8402530,659876,4,,,0.0961,0.122,1.0021,0.6337,0,0,0,0,0,0,0.2181,0,4.02,1.61,5.05,7.09,174,0,10.48,0,,17315,0.966,3.18,11.1,169,53599,29928,0,40
4200011,"Karel Vejmelka",8100,G,UTA,NJD,8402550,878314,,,C,0,0,0,0,0.5745,23.2069,2.6653,0.0795,0,0,0,0,11.55,1.43,7.43,9.73,175,3.85,21.06,7.6,,4200011,0,9.38,,183,2005,166640,1,
37730,"Luke Kunin",2500,W,FLA,CAR,8402480,920224,4,,,0.077,0.0733,0.7882,0.7766,0,0,0,0,0,0,0.1503,0,3.52,1.41,4.34,6.08,176,0,9.08,0.1,,37730,1.495,3.07,9.4,166,2047,37834,1,
31732,"Sam Bennett",5500,C,FLA,CAR,8402480,831069,2,1,,0.3212,0.4086,2.5567,0.6758,0,0,0,0,0.0883,0.1472,0.7298,0.2355,10.21,1.86,8.27,11.75,177,1.64,20.8,7.8,,31732,2.108,7.97,18.4,166,2047,30332,1,
37641,"Jesper Bratt",6200,W,NJD,UTA,8402550,920499,1,1,,0.3288,0.6538,2.3788,0.5141,0,0,0,0,0.0887,0.2125,0.9826,0.3012,11,1.77,9.11,13.25,178,1.56,22.66,7.1,,37641,1.098,8.18,20,155,1979,37891,0,
16786,"Nate Schmidt",2600,D,UTA,NJD,8402550,729825,2,,,0.0601,0.2087,1.1005,1.3568,0,0,0,0,0,0,0.2688,0,5.59,2.15,5.06,7.2,179,0.35,12.07,0.8,,16786,1.159,4.23,18.8,183,2005,30367,1,
14501,"Brenden Dillon",2500,D,NJD,UTA,8402550,589971,3,,,0.0317,0.1819,0.7055,1.5043,0,0,0,0,0,0,0.2136,0,4.91,1.96,4.87,6.88,180,0,11.14,0.1,,14501,2.208,4.23,17.8,155,1979,30998,0,
4601329,"Drew Helleson",2500,D,ANA,DAL,8402510,1172239,3,,,0.0513,0.2082,1.0463,1.2779,0,0,0,0,0,0,0.2595,0,5.28,2.11,5.06,7.2,181,0.04,11.76,1.3,,4601329,1.414,4.17,16.8,180,1997,246326,1,
1294186,"Noah Gregor",2500,C,FLA,CAR,8402480,920434,4,,,0.0698,0.0783,0.996,0.4644,0,0,0,0,0,0,0.1481,0,3.28,1.31,4.34,6.06,182,0,8.84,0.3,,1294186,1.3,2.84,8.3,166,2047,82516,1,
14145,"Matt Duchene",3600,W,DAL,ANA,8402510,504249,2,2,,0.2082,0.3402,1.5973,0.5024,0,0,0,0,0.0288,0.0596,0.5484,0.0884,6.88,1.91,6.76,9.71,183,0,15.53,9,,14145,0.467,4.99,15.3,181,1954,30919,0,
34600,"Josh Morrissey",5900,D,WPG,COL,8402530,741443,1,1,,0.0975,0.4717,1.6788,1.8236,0,0,0,0,0.0408,0.1321,0.5692,0.1729,9.1,1.54,6.73,9.77,184,2.13,17.71,3.9,,34600,0.92,6.52,23.2,169,53599,30599,0,
35881,"Mark Jankowski",2500,C,CAR,FLA,8402480,659867,4,,,0.1148,0.1314,0.868,0.5116,0,0,0,0,0,0,0.2462,0,3.82,1.53,4.99,7.03,185,0,10.21,0.1,,35881,0.575,2.88,10.8,165,2181,31784,0,
35838,"Gustav Forsling",2900,D,FLA,CAR,8402480,831489,1,,,0.0698,0.2567,1.3179,1.6811,0,0,0,0,0,0,0.3265,0,6.92,2.39,5.39,7.67,186,1.34,13.82,3.2,,35838,1.151,5.02,22,166,2047,31436,1,
35011,"Adam Erne",2500,W,DAL,ANA,8402510,743038,4,,,0.071,0.1074,0.708,0.3789,0,0,0,0,0,0,0.1784,0,2.86,1.14,4.41,6.27,187,0,8.5,0,,35011,1.616,2.75,8.9,181,1954,30508,0,40
16704,"Brock Nelson",4500,C,COL,WPG,8402530,550780,2,1,,0.3494,0.4451,2.2053,0.5864,0,0,0,0,0.1167,0.1714,0.7945,0.2881,9.87,2.19,8.4,12.08,188,1.17,20.62,13.1,,16704,0.594,7.11,19.9,176,2155,30773,1,
1175008,"Michael Carcone",3100,W,UTA,NJD,8402550,922602,3,2,,0.2351,0.2368,1.9315,0.3252,0,0,0,0,0.0344,0.0434,0.4719,0.0778,6.83,2.2,6.46,9.11,189,0.14,15.1,4.9,,1175008,1.298,5.3,13.5,183,2005,82804,1,
16742,"Radko Gudas",2700,D,ANA,DAL,8402510,554520,2,,,0.0374,0.1763,1.2401,1.7302,0,0,0,0,0,0,0.2137,0,6.16,2.28,5.02,7,190,0.96,12.59,2.7,,16742,2.892,5.35,16.7,180,1997,30042,1,
,1,2,3,4,5,6,,8,9,10,11,12,13,14,15,16,17,18,19,20,21,22,23,24,25,26,27,28,29,30,31,32,33,34,35,36,37,38,39,40
